"Date Time, GMT-03:00",Date,Temp,Lux,Cloud,Reef.area,Sensor
08/23/19 10:00:00 AM,08/23/19,10.81,609.44,75,vertical,20560016
08/23/19 10:10:00 AM,08/23/19,10.85,637.76,75,vertical,20560016
08/23/19 10:20:00 AM,08/23/19,10.81,607.68,75,vertical,20560016
08/23/19 10:30:00 AM,08/23/19,10.81,678.4,75,vertical,20560016
08/23/19 10:40:00 AM,08/23/19,10.81,749.44,75,vertical,20560016
08/23/19 10:50:00 AM,08/23/19,10.85,668.16,75,vertical,20560016
08/23/19 11:00:00 AM,08/23/19,10.81,440.96,100,vertical,20560016
08/23/19 11:10:00 AM,08/23/19,10.85,519.52,100,vertical,20560016
08/23/19 11:20:00 AM,08/23/19,10.81,743.04,100,vertical,20560016
08/23/19 11:30:00 AM,08/23/19,10.81,1024.32,100,vertical,20560016
08/23/19 11:40:00 AM,08/23/19,10.89,1024.32,100,vertical,20560016
08/23/19 11:50:00 AM,08/23/19,10.85,1032.64,100,vertical,20560016
08/23/19 12:00:00 PM,08/23/19,10.81,899.84,100,vertical,20560016
08/23/19 12:10:00 PM,08/23/19,10.85,812.16,100,vertical,20560016
08/23/19 12:20:00 PM,08/23/19,10.81,860.48,100,vertical,20560016
08/23/19 12:30:00 PM,08/23/19,10.85,941.44,100,vertical,20560016
08/23/19 12:40:00 PM,08/23/19,10.81,924.48,100,vertical,20560016
08/23/19 12:50:00 PM,08/23/19,10.81,910.72,100,vertical,20560016
08/23/19 01:00:00 PM,08/23/19,10.85,897.92,100,vertical,20560016
08/23/19 01:10:00 PM,08/23/19,10.85,1036.16,100,vertical,20560016
08/23/19 01:20:00 PM,08/23/19,10.85,1039.04,100,vertical,20560016
08/23/19 01:30:00 PM,08/23/19,10.85,971.52,100,vertical,20560016
08/23/19 01:40:00 PM,08/23/19,10.85,876.16,100,vertical,20560016
08/23/19 01:50:00 PM,08/23/19,10.85,974.08,100,vertical,20560016
08/23/19 02:00:00 PM,08/23/19,10.89,1008,100,vertical,20560016
08/23/19 02:10:00 PM,08/23/19,10.94,922.24,100,vertical,20560016
08/23/19 02:20:00 PM,08/23/19,10.89,909.76,100,vertical,20560016
08/23/19 02:30:00 PM,08/23/19,10.89,913.6,100,vertical,20560016
08/23/19 02:40:00 PM,08/23/19,10.85,1176.96,100,vertical,20560016
08/23/19 02:50:00 PM,08/23/19,10.89,1056.32,100,vertical,20560016
08/23/19 03:00:00 PM,08/23/19,10.85,942.08,11.1,vertical,20560016
08/23/19 03:10:00 PM,08/23/19,10.89,967.68,11.1,vertical,20560016
08/23/19 03:20:00 PM,08/23/19,10.89,899.2,11.1,vertical,20560016
08/23/19 03:30:00 PM,08/23/19,10.85,963.2,11.1,vertical,20560016
08/23/19 03:40:00 PM,08/23/19,10.89,961.28,11.1,vertical,20560016
08/23/19 03:50:00 PM,08/23/19,10.89,1038.08,11.1,vertical,20560016
08/23/19 04:00:00 PM,08/23/19,10.89,1001.6,66,vertical,20560016
08/23/19 04:10:00 PM,08/23/19,10.94,1040.96,66,vertical,20560016
08/23/19 04:20:00 PM,08/23/19,10.89,1207.04,66,vertical,20560016
08/23/19 04:30:00 PM,08/23/19,10.85,1014.4,66,vertical,20560016
08/23/19 04:40:00 PM,08/23/19,10.94,882.56,66,vertical,20560016
08/23/19 04:50:00 PM,08/23/19,10.89,870.4,66,vertical,20560016
08/23/19 05:00:00 PM,08/23/19,10.89,724.8,85,vertical,20560016
08/23/19 05:10:00 PM,08/23/19,10.85,648.32,85,vertical,20560016
08/23/19 05:20:00 PM,08/23/19,10.85,567.52,85,vertical,20560016
08/23/19 05:30:00 PM,08/23/19,10.89,498.56,85,vertical,20560016
08/23/19 05:40:00 PM,08/23/19,10.85,289.68,85,vertical,20560016
08/23/19 05:50:00 PM,08/23/19,10.85,179.6,85,vertical,20560016
08/23/19 06:00:00 PM,08/23/19,10.85,141.16,90,vertical,20560016
08/23/19 06:10:00 PM,08/23/19,10.85,88,90,vertical,20560016
08/23/19 06:20:00 PM,08/23/19,10.85,54.96,90,vertical,20560016
08/23/19 06:30:00 PM,08/23/19,10.85,26.33,90,vertical,20560016
08/23/19 06:40:00 PM,08/23/19,10.85,9.35,90,vertical,20560016
08/23/19 06:50:00 PM,08/23/19,10.85,3.88,90,vertical,20560016
08/23/19 07:00:00 PM,08/23/19,10.81,0.22,99,vertical,20560016
08/23/19 07:10:00 PM,08/23/19,10.85,0,99,vertical,20560016
08/23/19 07:20:00 PM,08/23/19,10.85,0,99,vertical,20560016
08/23/19 07:30:00 PM,08/23/19,10.85,0,99,vertical,20560016
08/23/19 07:40:00 PM,08/23/19,10.85,0,99,vertical,20560016
08/23/19 07:50:00 PM,08/23/19,10.85,0,99,vertical,20560016
08/23/19 08:00:00 PM,08/23/19,10.81,0,100,vertical,20560016
08/23/19 08:10:00 PM,08/23/19,10.81,0,100,vertical,20560016
08/23/19 08:20:00 PM,08/23/19,10.85,0,100,vertical,20560016
08/23/19 08:30:00 PM,08/23/19,10.85,0,100,vertical,20560016
08/23/19 08:40:00 PM,08/23/19,10.85,0,100,vertical,20560016
08/23/19 08:50:00 PM,08/23/19,10.85,0,100,vertical,20560016
08/23/19 09:00:00 PM,08/23/19,10.85,0,100,vertical,20560016
08/23/19 09:10:00 PM,08/23/19,10.85,0,100,vertical,20560016
08/23/19 09:20:00 PM,08/23/19,10.81,0,100,vertical,20560016
08/23/19 09:30:00 PM,08/23/19,10.85,0,100,vertical,20560016
08/23/19 09:40:00 PM,08/23/19,10.85,0,100,vertical,20560016
08/23/19 09:50:00 PM,08/23/19,10.85,0,100,vertical,20560016
08/23/19 10:00:00 PM,08/23/19,10.85,0,100,vertical,20560016
08/23/19 10:10:00 PM,08/23/19,10.81,0,100,vertical,20560016
08/23/19 10:20:00 PM,08/23/19,10.85,0,100,vertical,20560016
08/23/19 10:30:00 PM,08/23/19,10.89,0,100,vertical,20560016
08/23/19 10:40:00 PM,08/23/19,10.85,0,100,vertical,20560016
08/23/19 10:50:00 PM,08/23/19,10.81,0,100,vertical,20560016
08/23/19 11:00:00 PM,08/23/19,10.85,0,80,vertical,20560016
08/23/19 11:10:00 PM,08/23/19,10.85,0,80,vertical,20560016
08/23/19 11:20:00 PM,08/23/19,10.85,0,80,vertical,20560016
08/23/19 11:30:00 PM,08/23/19,10.81,0,80,vertical,20560016
08/23/19 11:40:00 PM,08/23/19,10.81,0,80,vertical,20560016
08/23/19 11:50:00 PM,08/23/19,10.81,0,80,vertical,20560016
08/24/19 12:00:00 AM,08/24/19,10.81,0,93,vertical,20560016
08/24/19 12:10:00 AM,08/24/19,10.81,0,93,vertical,20560016
08/24/19 12:20:00 AM,08/24/19,10.77,0,93,vertical,20560016
08/24/19 12:30:00 AM,08/24/19,10.77,0,93,vertical,20560016
08/24/19 12:40:00 AM,08/24/19,10.77,0,93,vertical,20560016
08/24/19 12:50:00 AM,08/24/19,10.77,0,93,vertical,20560016
08/24/19 01:00:00 AM,08/24/19,10.77,0,100,vertical,20560016
08/24/19 01:10:00 AM,08/24/19,10.81,0,100,vertical,20560016
08/24/19 01:20:00 AM,08/24/19,10.77,0,100,vertical,20560016
08/24/19 01:30:00 AM,08/24/19,10.81,0,100,vertical,20560016
08/24/19 01:40:00 AM,08/24/19,10.81,0,100,vertical,20560016
08/24/19 01:50:00 AM,08/24/19,10.81,0,100,vertical,20560016
08/24/19 02:00:00 AM,08/24/19,10.81,0,100,vertical,20560016
08/24/19 02:10:00 AM,08/24/19,10.81,0,100,vertical,20560016
08/24/19 02:20:00 AM,08/24/19,10.77,0,100,vertical,20560016
08/24/19 02:30:00 AM,08/24/19,10.77,0,100,vertical,20560016
08/24/19 02:40:00 AM,08/24/19,10.77,0,100,vertical,20560016
08/24/19 02:50:00 AM,08/24/19,10.77,0,100,vertical,20560016
08/24/19 03:00:00 AM,08/24/19,10.72,0,100,vertical,20560016
08/24/19 03:10:00 AM,08/24/19,10.77,0,100,vertical,20560016
08/24/19 03:20:00 AM,08/24/19,10.77,0,100,vertical,20560016
08/24/19 03:30:00 AM,08/24/19,10.81,0,100,vertical,20560016
08/24/19 03:40:00 AM,08/24/19,10.81,0,100,vertical,20560016
08/24/19 03:50:00 AM,08/24/19,10.77,0,100,vertical,20560016
08/24/19 04:00:00 AM,08/24/19,10.77,0,1.5,vertical,20560016
08/24/19 04:10:00 AM,08/24/19,10.77,0,1.5,vertical,20560016
08/24/19 04:20:00 AM,08/24/19,10.77,0,1.5,vertical,20560016
08/24/19 04:30:00 AM,08/24/19,10.81,0,1.5,vertical,20560016
08/24/19 04:40:00 AM,08/24/19,10.72,0,1.5,vertical,20560016
08/24/19 04:50:00 AM,08/24/19,10.81,0,1.5,vertical,20560016
08/24/19 05:00:00 AM,08/24/19,10.77,0,6.3,vertical,20560016
08/24/19 05:10:00 AM,08/24/19,10.77,0,6.3,vertical,20560016
08/24/19 05:20:00 AM,08/24/19,10.72,0,6.3,vertical,20560016
08/24/19 05:30:00 AM,08/24/19,10.77,0,6.3,vertical,20560016
08/24/19 05:40:00 AM,08/24/19,10.77,0,6.3,vertical,20560016
08/24/19 05:50:00 AM,08/24/19,10.81,0,6.3,vertical,20560016
08/24/19 06:00:00 AM,08/24/19,10.77,0,24,vertical,20560016
08/24/19 06:10:00 AM,08/24/19,10.77,0,24,vertical,20560016
08/24/19 06:20:00 AM,08/24/19,10.77,0,24,vertical,20560016
08/24/19 06:30:00 AM,08/24/19,10.77,0,24,vertical,20560016
08/24/19 06:40:00 AM,08/24/19,10.72,0,24,vertical,20560016
08/24/19 06:50:00 AM,08/24/19,10.77,0,24,vertical,20560016
08/24/19 07:00:00 AM,08/24/19,10.77,0,32,vertical,20560016
08/24/19 07:10:00 AM,08/24/19,10.77,0,32,vertical,20560016
08/24/19 07:20:00 AM,08/24/19,10.81,0,32,vertical,20560016
08/24/19 07:30:00 AM,08/24/19,10.77,0,32,vertical,20560016
08/24/19 07:40:00 AM,08/24/19,10.77,0.45,32,vertical,20560016
08/24/19 07:50:00 AM,08/24/19,10.77,6.64,32,vertical,20560016
08/24/19 08:00:00 AM,08/24/19,10.77,26.33,5.4,vertical,20560016
08/24/19 08:10:00 AM,08/24/19,10.77,74.24,5.4,vertical,20560016
08/24/19 08:20:00 AM,08/24/19,10.77,132.04,5.4,vertical,20560016
08/24/19 08:30:00 AM,08/24/19,10.72,195.36,5.4,vertical,20560016
08/24/19 08:40:00 AM,08/24/19,10.77,284.16,5.4,vertical,20560016
08/24/19 08:50:00 AM,08/24/19,10.72,464.8,5.4,vertical,20560016
08/24/19 09:00:00 AM,08/24/19,10.81,541.92,6.3,vertical,20560016
08/24/19 09:10:00 AM,08/24/19,10.77,662.72,6.3,vertical,20560016
08/24/19 09:20:00 AM,08/24/19,10.72,552,6.3,vertical,20560016
08/24/19 09:30:00 AM,08/24/19,10.81,495.84,6.3,vertical,20560016
08/24/19 09:40:00 AM,08/24/19,10.77,468.32,6.3,vertical,20560016
08/24/19 09:50:00 AM,08/24/19,10.72,539.2,6.3,vertical,20560016
08/24/19 10:00:00 AM,08/24/19,10.77,520,94,vertical,20560016
08/24/19 10:10:00 AM,08/24/19,10.81,582.08,94,vertical,20560016
08/24/19 10:20:00 AM,08/24/19,10.81,577.44,94,vertical,20560016
08/24/19 10:30:00 AM,08/24/19,10.85,957.76,94,vertical,20560016
08/24/19 10:40:00 AM,08/24/19,10.85,913.92,94,vertical,20560016
08/24/19 10:50:00 AM,08/24/19,10.85,783.68,94,vertical,20560016
08/24/19 11:00:00 AM,08/24/19,10.85,717.44,80,vertical,20560016
08/24/19 11:10:00 AM,08/24/19,10.85,590.24,80,vertical,20560016
08/24/19 11:20:00 AM,08/24/19,10.85,766.08,80,vertical,20560016
08/24/19 11:30:00 AM,08/24/19,10.85,509.44,80,vertical,20560016
08/24/19 11:40:00 AM,08/24/19,10.81,825.92,80,vertical,20560016
08/24/19 11:50:00 AM,08/24/19,10.85,685.76,80,vertical,20560016
08/24/19 12:00:00 PM,08/24/19,10.85,719.36,34,vertical,20560016
08/24/19 12:10:00 PM,08/24/19,10.85,852.16,34,vertical,20560016
08/24/19 12:20:00 PM,08/24/19,10.89,867.84,34,vertical,20560016
08/24/19 12:30:00 PM,08/24/19,10.89,857.92,34,vertical,20560016
08/24/19 12:40:00 PM,08/24/19,10.85,977.92,34,vertical,20560016
08/24/19 12:50:00 PM,08/24/19,10.89,1183.36,34,vertical,20560016
08/24/19 01:00:00 PM,08/24/19,10.89,1028.16,4.8,vertical,20560016
08/24/19 01:10:00 PM,08/24/19,10.89,970.56,4.8,vertical,20560016
08/24/19 01:20:00 PM,08/24/19,10.94,1324.8,4.8,vertical,20560016
08/24/19 01:30:00 PM,08/24/19,10.89,1011.52,4.8,vertical,20560016
08/24/19 01:40:00 PM,08/24/19,10.85,1090.24,4.8,vertical,20560016
08/24/19 01:50:00 PM,08/24/19,10.89,1224.32,4.8,vertical,20560016
08/24/19 02:00:00 PM,08/24/19,10.89,1229.76,48,vertical,20560016
08/24/19 02:10:00 PM,08/24/19,10.89,1566.08,48,vertical,20560016
08/24/19 02:20:00 PM,08/24/19,10.85,1418.88,48,vertical,20560016
08/24/19 02:30:00 PM,08/24/19,10.89,690.24,48,vertical,20560016
08/24/19 02:40:00 PM,08/24/19,10.89,1254.4,48,vertical,20560016
08/24/19 02:50:00 PM,08/24/19,10.89,1307.52,48,vertical,20560016
08/24/19 03:00:00 PM,08/24/19,10.85,1134.08,100,vertical,20560016
08/24/19 03:10:00 PM,08/24/19,10.89,1138.56,100,vertical,20560016
08/24/19 03:20:00 PM,08/24/19,10.94,1241.6,100,vertical,20560016
08/24/19 03:30:00 PM,08/24/19,10.89,1193.28,100,vertical,20560016
08/24/19 03:40:00 PM,08/24/19,10.89,1253.76,100,vertical,20560016
08/24/19 03:50:00 PM,08/24/19,10.89,1010.56,100,vertical,20560016
08/24/19 04:00:00 PM,08/24/19,10.89,1443.2,22,vertical,20560016
08/24/19 04:10:00 PM,08/24/19,10.89,1452.8,22,vertical,20560016
08/24/19 04:20:00 PM,08/24/19,10.89,1079.36,22,vertical,20560016
08/24/19 04:30:00 PM,08/24/19,10.89,1084.8,22,vertical,20560016
08/24/19 04:40:00 PM,08/24/19,10.89,1007.04,22,vertical,20560016
08/24/19 04:50:00 PM,08/24/19,10.89,663.68,22,vertical,20560016
08/24/19 05:00:00 PM,08/24/19,10.94,709.44,100,vertical,20560016
08/24/19 05:10:00 PM,08/24/19,10.89,548.32,100,vertical,20560016
08/24/19 05:20:00 PM,08/24/19,10.89,756.8,100,vertical,20560016
08/24/19 05:30:00 PM,08/24/19,10.89,690.24,100,vertical,20560016
08/24/19 05:40:00 PM,08/24/19,10.89,501.28,100,vertical,20560016
08/24/19 05:50:00 PM,08/24/19,10.89,357.44,100,vertical,20560016
08/24/19 06:00:00 PM,08/24/19,10.89,284.16,100,vertical,20560016
08/24/19 06:10:00 PM,08/24/19,10.89,186.96,100,vertical,20560016
08/24/19 06:20:00 PM,08/24/19,10.89,122.8,100,vertical,20560016
08/24/19 06:30:00 PM,08/24/19,10.94,79.26,100,vertical,20560016
08/24/19 06:40:00 PM,08/24/19,10.89,43.08,100,vertical,20560016
08/24/19 06:50:00 PM,08/24/19,10.89,14.89,100,vertical,20560016
08/24/19 07:00:00 PM,08/24/19,10.89,3.42,100,vertical,20560016
08/24/19 07:10:00 PM,08/24/19,10.89,0,100,vertical,20560016
08/24/19 07:20:00 PM,08/24/19,10.89,0,100,vertical,20560016
08/24/19 07:30:00 PM,08/24/19,10.89,0,100,vertical,20560016
08/24/19 07:40:00 PM,08/24/19,10.85,0,100,vertical,20560016
08/24/19 07:50:00 PM,08/24/19,10.85,0,100,vertical,20560016
08/24/19 08:00:00 PM,08/24/19,10.89,0,38,vertical,20560016
08/24/19 08:10:00 PM,08/24/19,10.85,0,38,vertical,20560016
08/24/19 08:20:00 PM,08/24/19,10.85,0,38,vertical,20560016
08/24/19 08:30:00 PM,08/24/19,10.81,0,38,vertical,20560016
08/24/19 08:40:00 PM,08/24/19,10.85,0,38,vertical,20560016
08/24/19 08:50:00 PM,08/24/19,10.89,0,38,vertical,20560016
08/24/19 09:00:00 PM,08/24/19,10.85,0,1,vertical,20560016
08/24/19 09:10:00 PM,08/24/19,10.85,0,1,vertical,20560016
08/24/19 09:20:00 PM,08/24/19,10.81,0,1,vertical,20560016
08/24/19 09:30:00 PM,08/24/19,10.81,0,1,vertical,20560016
08/24/19 09:40:00 PM,08/24/19,10.81,0,1,vertical,20560016
08/24/19 09:50:00 PM,08/24/19,10.85,0,1,vertical,20560016
08/24/19 10:00:00 PM,08/24/19,10.85,0,16,vertical,20560016
08/24/19 10:10:00 PM,08/24/19,10.81,0,16,vertical,20560016
08/24/19 10:20:00 PM,08/24/19,10.81,0,16,vertical,20560016
08/24/19 10:30:00 PM,08/24/19,10.77,0,16,vertical,20560016
08/24/19 10:40:00 PM,08/24/19,10.77,0,16,vertical,20560016
08/24/19 10:50:00 PM,08/24/19,10.81,0,16,vertical,20560016
08/24/19 11:00:00 PM,08/24/19,10.77,0,0,vertical,20560016
08/24/19 11:10:00 PM,08/24/19,10.77,0,0,vertical,20560016
08/24/19 11:20:00 PM,08/24/19,10.81,0,0,vertical,20560016
08/24/19 11:30:00 PM,08/24/19,10.77,0,0,vertical,20560016
08/24/19 11:40:00 PM,08/24/19,10.81,0,0,vertical,20560016
08/24/19 11:50:00 PM,08/24/19,10.81,0,0,vertical,20560016
08/25/19 12:00:00 AM,08/25/19,10.81,0,0,vertical,20560016
08/25/19 12:10:00 AM,08/25/19,10.85,0,0,vertical,20560016
08/25/19 12:20:00 AM,08/25/19,10.81,0,0,vertical,20560016
08/25/19 12:30:00 AM,08/25/19,10.85,0,0,vertical,20560016
08/25/19 12:40:00 AM,08/25/19,10.85,0,0,vertical,20560016
08/25/19 12:50:00 AM,08/25/19,10.81,0,0,vertical,20560016
08/25/19 01:00:00 AM,08/25/19,10.81,0,34,vertical,20560016
08/25/19 01:10:00 AM,08/25/19,10.85,0,34,vertical,20560016
08/25/19 01:20:00 AM,08/25/19,10.85,0,34,vertical,20560016
08/25/19 01:30:00 AM,08/25/19,10.85,0,34,vertical,20560016
08/25/19 01:40:00 AM,08/25/19,10.85,0,34,vertical,20560016
08/25/19 01:50:00 AM,08/25/19,10.85,0,34,vertical,20560016
08/25/19 02:00:00 AM,08/25/19,10.85,0,0,vertical,20560016
08/25/19 02:10:00 AM,08/25/19,10.85,0,0,vertical,20560016
08/25/19 02:20:00 AM,08/25/19,10.85,0,0,vertical,20560016
08/25/19 02:30:00 AM,08/25/19,10.85,0,0,vertical,20560016
08/25/19 02:40:00 AM,08/25/19,10.85,0,0,vertical,20560016
08/25/19 02:50:00 AM,08/25/19,10.81,0,0,vertical,20560016
08/25/19 03:00:00 AM,08/25/19,10.89,0,2.7,vertical,20560016
08/25/19 03:10:00 AM,08/25/19,10.89,0,2.7,vertical,20560016
08/25/19 03:20:00 AM,08/25/19,10.89,0,2.7,vertical,20560016
08/25/19 03:30:00 AM,08/25/19,10.85,0,2.7,vertical,20560016
08/25/19 03:40:00 AM,08/25/19,10.89,0,2.7,vertical,20560016
08/25/19 03:50:00 AM,08/25/19,10.81,0,2.7,vertical,20560016
08/25/19 04:00:00 AM,08/25/19,10.89,0,3.9,vertical,20560016
08/25/19 04:10:00 AM,08/25/19,10.85,0,3.9,vertical,20560016
08/25/19 04:20:00 AM,08/25/19,10.89,0,3.9,vertical,20560016
08/25/19 04:30:00 AM,08/25/19,10.85,0,3.9,vertical,20560016
08/25/19 04:40:00 AM,08/25/19,10.85,0,3.9,vertical,20560016
08/25/19 04:50:00 AM,08/25/19,10.85,0,3.9,vertical,20560016
08/25/19 05:00:00 AM,08/25/19,10.85,0,1.8,vertical,20560016
08/25/19 05:10:00 AM,08/25/19,10.89,0,1.8,vertical,20560016
08/25/19 05:20:00 AM,08/25/19,10.89,0,1.8,vertical,20560016
08/25/19 05:30:00 AM,08/25/19,10.89,0,1.8,vertical,20560016
08/25/19 05:40:00 AM,08/25/19,10.85,0,1.8,vertical,20560016
08/25/19 05:50:00 AM,08/25/19,10.85,0,1.8,vertical,20560016
08/25/19 06:00:00 AM,08/25/19,10.89,0,1.5,vertical,20560016
08/25/19 06:10:00 AM,08/25/19,10.85,0,1.5,vertical,20560016
08/25/19 06:20:00 AM,08/25/19,10.89,0,1.5,vertical,20560016
08/25/19 06:30:00 AM,08/25/19,10.81,0,1.5,vertical,20560016
08/25/19 06:40:00 AM,08/25/19,10.85,0,1.5,vertical,20560016
08/25/19 06:50:00 AM,08/25/19,10.81,0,1.5,vertical,20560016
08/25/19 07:00:00 AM,08/25/19,10.85,0,1.5,vertical,20560016
08/25/19 07:10:00 AM,08/25/19,10.85,0,1.5,vertical,20560016
08/25/19 07:20:00 AM,08/25/19,10.85,0,1.5,vertical,20560016
08/25/19 07:30:00 AM,08/25/19,10.85,0,1.5,vertical,20560016
08/25/19 07:40:00 AM,08/25/19,10.85,0.91,1.5,vertical,20560016
08/25/19 07:50:00 AM,08/25/19,10.81,8.47,1.5,vertical,20560016
08/25/19 08:00:00 AM,08/25/19,10.85,32.98,0.9,vertical,20560016
08/25/19 08:10:00 AM,08/25/19,10.81,78.36,0.9,vertical,20560016
08/25/19 08:20:00 AM,08/25/19,10.81,125.56,0.9,vertical,20560016
08/25/19 08:30:00 AM,08/25/19,10.85,176,0.9,vertical,20560016
08/25/19 08:40:00 AM,08/25/19,10.85,220,0.9,vertical,20560016
08/25/19 08:50:00 AM,08/25/19,10.81,276.88,0.9,vertical,20560016
08/25/19 09:00:00 AM,08/25/19,10.77,319.12,0.6,vertical,20560016
08/25/19 09:10:00 AM,08/25/19,10.81,350.08,0.6,vertical,20560016
08/25/19 09:20:00 AM,08/25/19,10.77,381.44,0.6,vertical,20560016
08/25/19 09:30:00 AM,08/25/19,10.77,378.72,0.6,vertical,20560016
08/25/19 09:40:00 AM,08/25/19,10.81,472,0.6,vertical,20560016
08/25/19 09:50:00 AM,08/25/19,10.81,613.12,0.6,vertical,20560016
08/25/19 10:00:00 AM,08/25/19,10.81,684.8,0.6,vertical,20560016
08/25/19 10:10:00 AM,08/25/19,10.81,696.64,0.6,vertical,20560016
08/25/19 10:20:00 AM,08/25/19,10.85,703.04,0.6,vertical,20560016
08/25/19 10:30:00 AM,08/25/19,10.81,635.52,0.6,vertical,20560016
08/25/19 10:40:00 AM,08/25/19,10.81,585.76,0.6,vertical,20560016
08/25/19 10:50:00 AM,08/25/19,10.85,678.4,0.6,vertical,20560016
08/25/19 11:00:00 AM,08/25/19,10.85,705.6,6,vertical,20560016
08/25/19 11:10:00 AM,08/25/19,10.85,740.48,6,vertical,20560016
08/25/19 11:20:00 AM,08/25/19,10.89,803.84,6,vertical,20560016
08/25/19 11:30:00 AM,08/25/19,10.89,793.92,6,vertical,20560016
08/25/19 11:40:00 AM,08/25/19,10.98,803.84,6,vertical,20560016
08/25/19 11:50:00 AM,08/25/19,10.98,848.64,6,vertical,20560016
08/25/19 12:00:00 PM,08/25/19,10.98,876.8,6,vertical,20560016
08/25/19 12:10:00 PM,08/25/19,10.98,912,3.9,vertical,20560016
08/25/19 12:20:00 PM,08/25/19,10.98,871.36,3.9,vertical,20560016
08/25/19 12:30:00 PM,08/25/19,10.98,857.92,3.9,vertical,20560016
08/25/19 12:40:00 PM,08/25/19,11.02,761.28,3.9,vertical,20560016
08/25/19 12:50:00 PM,08/25/19,10.94,924.8,3.9,vertical,20560016
08/25/19 01:00:00 PM,08/25/19,10.98,907.52,0.9,vertical,20560016
08/25/19 01:10:00 PM,08/25/19,11.02,897.6,0.9,vertical,20560016
08/25/19 01:20:00 PM,08/25/19,10.98,843.2,0.9,vertical,20560016
08/25/19 01:30:00 PM,08/25/19,11.02,967.04,0.9,vertical,20560016
08/25/19 01:40:00 PM,08/25/19,11.02,1016.32,0.9,vertical,20560016
08/25/19 01:50:00 PM,08/25/19,11.02,969.6,0.9,vertical,20560016
08/25/19 02:00:00 PM,08/25/19,11.02,1010.56,0,vertical,20560016
08/25/19 02:10:00 PM,08/25/19,10.98,955.84,0,vertical,20560016
08/25/19 02:20:00 PM,08/25/19,10.98,940.48,0,vertical,20560016
08/25/19 02:30:00 PM,08/25/19,10.98,973.12,0,vertical,20560016
08/25/19 02:40:00 PM,08/25/19,10.98,1066.56,0,vertical,20560016
08/25/19 02:50:00 PM,08/25/19,10.98,708.48,0,vertical,20560016
08/25/19 03:00:00 PM,08/25/19,10.98,602.08,0,vertical,20560016
08/25/19 03:10:00 PM,08/25/19,10.98,574.72,0,vertical,20560016
08/25/19 03:20:00 PM,08/25/19,10.94,599.36,0,vertical,20560016
08/25/19 03:30:00 PM,08/25/19,10.98,697.6,0,vertical,20560016
08/25/19 03:40:00 PM,08/25/19,11.02,791.04,0,vertical,20560016
08/25/19 03:50:00 PM,08/25/19,11.02,824,0,vertical,20560016
08/25/19 04:00:00 PM,08/25/19,11.02,946.88,0,vertical,20560016
08/25/19 04:10:00 PM,08/25/19,10.98,862.4,0,vertical,20560016
08/25/19 04:20:00 PM,08/25/19,10.98,691.2,0,vertical,20560016
08/25/19 04:30:00 PM,08/25/19,10.98,612.16,0,vertical,20560016
08/25/19 04:40:00 PM,08/25/19,10.98,707.52,0,vertical,20560016
08/25/19 04:50:00 PM,08/25/19,11.02,716.8,0,vertical,20560016
08/25/19 05:00:00 PM,08/25/19,11.02,707.52,0.6,vertical,20560016
08/25/19 05:10:00 PM,08/25/19,11.02,607.68,0.6,vertical,20560016
08/25/19 05:20:00 PM,08/25/19,10.98,636.8,0.6,vertical,20560016
08/25/19 05:30:00 PM,08/25/19,11.02,546.4,0.6,vertical,20560016
08/25/19 05:40:00 PM,08/25/19,10.98,492.96,0.6,vertical,20560016
08/25/19 05:50:00 PM,08/25/19,10.98,318.16,0.6,vertical,20560016
08/25/19 06:00:00 PM,08/25/19,11.02,302.48,5.1,vertical,20560016
08/25/19 06:10:00 PM,08/25/19,11.02,195.36,5.1,vertical,20560016
08/25/19 06:20:00 PM,08/25/19,10.98,120.08,5.1,vertical,20560016
08/25/19 06:30:00 PM,08/25/19,11.02,84.72,5.1,vertical,20560016
08/25/19 06:40:00 PM,08/25/19,11.02,44,5.1,vertical,20560016
08/25/19 06:50:00 PM,08/25/19,10.98,13.72,5.1,vertical,20560016
08/25/19 07:00:00 PM,08/25/19,10.98,2.51,3.6,vertical,20560016
08/25/19 07:10:00 PM,08/25/19,11.02,0,3.6,vertical,20560016
08/25/19 07:20:00 PM,08/25/19,10.98,0,3.6,vertical,20560016
08/25/19 07:30:00 PM,08/25/19,11.02,0,3.6,vertical,20560016
08/25/19 07:40:00 PM,08/25/19,11.02,0,3.6,vertical,20560016
08/25/19 07:50:00 PM,08/25/19,10.98,0,3.6,vertical,20560016
08/25/19 08:00:00 PM,08/25/19,11.02,0,4.2,vertical,20560016
08/25/19 08:10:00 PM,08/25/19,11.02,0,4.2,vertical,20560016
08/25/19 08:20:00 PM,08/25/19,10.98,0,4.2,vertical,20560016
08/25/19 08:30:00 PM,08/25/19,11.02,0,4.2,vertical,20560016
08/25/19 08:40:00 PM,08/25/19,10.98,0,4.2,vertical,20560016
08/25/19 08:50:00 PM,08/25/19,11.02,0,4.2,vertical,20560016
08/25/19 09:00:00 PM,08/25/19,10.98,0,1.2,vertical,20560016
08/25/19 09:10:00 PM,08/25/19,10.98,0,1.2,vertical,20560016
08/25/19 09:20:00 PM,08/25/19,10.98,0,1.2,vertical,20560016
08/25/19 09:30:00 PM,08/25/19,10.98,0,1.2,vertical,20560016
08/25/19 09:40:00 PM,08/25/19,10.94,0,1.2,vertical,20560016
08/25/19 09:50:00 PM,08/25/19,10.98,0,1.2,vertical,20560016
08/25/19 10:00:00 PM,08/25/19,10.98,0,0.9,vertical,20560016
08/23/19 10:00:00 AM,08/23/19,10.77,93.56,75,cavefloor,20560017
08/23/19 10:10:00 AM,08/23/19,10.81,97.12,75,cavefloor,20560017
08/23/19 10:20:00 AM,08/23/19,10.77,83.8,75,cavefloor,20560017
08/23/19 10:30:00 AM,08/23/19,10.77,100.68,75,cavefloor,20560017
08/23/19 10:40:00 AM,08/23/19,10.81,112.2,75,cavefloor,20560017
08/23/19 10:50:00 AM,08/23/19,10.81,103.32,75,cavefloor,20560017
08/23/19 11:00:00 AM,08/23/19,10.81,66.82,100,cavefloor,20560017
08/23/19 11:10:00 AM,08/23/19,10.81,77.98,100,cavefloor,20560017
08/23/19 11:20:00 AM,08/23/19,10.81,100.68,100,cavefloor,20560017
08/23/19 11:30:00 AM,08/23/19,10.81,171.04,100,cavefloor,20560017
08/23/19 11:40:00 AM,08/23/19,10.81,189.76,100,cavefloor,20560017
08/23/19 11:50:00 AM,08/23/19,10.77,176.32,100,cavefloor,20560017
08/23/19 12:00:00 PM,08/23/19,10.81,140.76,100,cavefloor,20560017
08/23/19 12:10:00 PM,08/23/19,10.77,94.44,100,cavefloor,20560017
08/23/19 12:20:00 PM,08/23/19,10.77,107.76,100,cavefloor,20560017
08/23/19 12:30:00 PM,08/23/19,10.81,124.76,100,cavefloor,20560017
08/23/19 12:40:00 PM,08/23/19,10.85,140.76,100,cavefloor,20560017
08/23/19 12:50:00 PM,08/23/19,10.81,135.4,100,cavefloor,20560017
08/23/19 01:00:00 PM,08/23/19,10.81,130.96,100,cavefloor,20560017
08/23/19 01:10:00 PM,08/23/19,10.81,126.52,100,cavefloor,20560017
08/23/19 01:20:00 PM,08/23/19,10.85,154.16,100,cavefloor,20560017
08/23/19 01:30:00 PM,08/23/19,10.81,145.2,100,cavefloor,20560017
08/23/19 01:40:00 PM,08/23/19,10.81,127.44,100,cavefloor,20560017
08/23/19 01:50:00 PM,08/23/19,10.81,131.88,100,cavefloor,20560017
08/23/19 02:00:00 PM,08/23/19,10.81,138.08,100,cavefloor,20560017
08/23/19 02:10:00 PM,08/23/19,10.81,119.44,100,cavefloor,20560017
08/23/19 02:20:00 PM,08/23/19,10.85,130.96,100,cavefloor,20560017
08/23/19 02:30:00 PM,08/23/19,10.85,144.28,100,cavefloor,20560017
08/23/19 02:40:00 PM,08/23/19,10.81,146.96,100,cavefloor,20560017
08/23/19 02:50:00 PM,08/23/19,10.85,150.64,100,cavefloor,20560017
08/23/19 03:00:00 PM,08/23/19,10.85,132.76,11.1,cavefloor,20560017
08/23/19 03:10:00 PM,08/23/19,10.85,138.96,11.1,cavefloor,20560017
08/23/19 03:20:00 PM,08/23/19,10.81,132.76,11.1,cavefloor,20560017
08/23/19 03:30:00 PM,08/23/19,10.85,137.2,11.1,cavefloor,20560017
08/23/19 03:40:00 PM,08/23/19,10.85,124.76,11.1,cavefloor,20560017
08/23/19 03:50:00 PM,08/23/19,10.85,138.96,11.1,cavefloor,20560017
08/23/19 04:00:00 PM,08/23/19,10.85,135.4,66,cavefloor,20560017
08/23/19 04:10:00 PM,08/23/19,10.89,128.32,66,cavefloor,20560017
08/23/19 04:20:00 PM,08/23/19,10.89,141.64,66,cavefloor,20560017
08/23/19 04:30:00 PM,08/23/19,10.85,117.64,66,cavefloor,20560017
08/23/19 04:40:00 PM,08/23/19,10.85,96.24,66,cavefloor,20560017
08/23/19 04:50:00 PM,08/23/19,10.85,90,66,cavefloor,20560017
08/23/19 05:00:00 PM,08/23/19,10.89,89.12,85,cavefloor,20560017
08/23/19 05:10:00 PM,08/23/19,10.85,82,85,cavefloor,20560017
08/23/19 05:20:00 PM,08/23/19,10.89,71.26,85,cavefloor,20560017
08/23/19 05:30:00 PM,08/23/19,10.85,57,85,cavefloor,20560017
08/23/19 05:40:00 PM,08/23/19,10.81,40.51,85,cavefloor,20560017
08/23/19 05:50:00 PM,08/23/19,10.81,24.06,85,cavefloor,20560017
08/23/19 06:00:00 PM,08/23/19,10.89,19.14,90,cavefloor,20560017
08/23/19 06:10:00 PM,08/23/19,10.81,5.99,90,cavefloor,20560017
08/23/19 06:20:00 PM,08/23/19,10.85,6.43,90,cavefloor,20560017
08/23/19 06:30:00 PM,08/23/19,10.85,2.88,90,cavefloor,20560017
08/23/19 06:40:00 PM,08/23/19,10.85,0.44,90,cavefloor,20560017
08/23/19 06:50:00 PM,08/23/19,10.81,0,90,cavefloor,20560017
08/23/19 07:00:00 PM,08/23/19,10.81,0,99,cavefloor,20560017
08/23/19 07:10:00 PM,08/23/19,10.85,0,99,cavefloor,20560017
08/23/19 07:20:00 PM,08/23/19,10.81,0,99,cavefloor,20560017
08/23/19 07:30:00 PM,08/23/19,10.81,0,99,cavefloor,20560017
08/23/19 07:40:00 PM,08/23/19,10.85,0,99,cavefloor,20560017
08/23/19 07:50:00 PM,08/23/19,10.85,0,99,cavefloor,20560017
08/23/19 08:00:00 PM,08/23/19,10.85,0,100,cavefloor,20560017
08/23/19 08:10:00 PM,08/23/19,10.81,0,100,cavefloor,20560017
08/23/19 08:20:00 PM,08/23/19,10.85,0,100,cavefloor,20560017
08/23/19 08:30:00 PM,08/23/19,10.85,0,100,cavefloor,20560017
08/23/19 08:40:00 PM,08/23/19,10.85,0,100,cavefloor,20560017
08/23/19 08:50:00 PM,08/23/19,10.81,0,100,cavefloor,20560017
08/23/19 09:00:00 PM,08/23/19,10.85,0,100,cavefloor,20560017
08/23/19 09:10:00 PM,08/23/19,10.81,0,100,cavefloor,20560017
08/23/19 09:20:00 PM,08/23/19,10.85,0,100,cavefloor,20560017
08/23/19 09:30:00 PM,08/23/19,10.89,0,100,cavefloor,20560017
08/23/19 09:40:00 PM,08/23/19,10.85,0,100,cavefloor,20560017
08/23/19 09:50:00 PM,08/23/19,10.85,0,100,cavefloor,20560017
08/23/19 10:00:00 PM,08/23/19,10.85,0,100,cavefloor,20560017
08/23/19 10:10:00 PM,08/23/19,10.85,0,100,cavefloor,20560017
08/23/19 10:20:00 PM,08/23/19,10.85,0,100,cavefloor,20560017
08/23/19 10:30:00 PM,08/23/19,10.81,0,100,cavefloor,20560017
08/23/19 10:40:00 PM,08/23/19,10.85,0,100,cavefloor,20560017
08/23/19 10:50:00 PM,08/23/19,10.85,0,100,cavefloor,20560017
08/23/19 11:00:00 PM,08/23/19,10.81,0,80,cavefloor,20560017
08/23/19 11:10:00 PM,08/23/19,10.81,0,80,cavefloor,20560017
08/23/19 11:20:00 PM,08/23/19,10.81,0,80,cavefloor,20560017
08/23/19 11:30:00 PM,08/23/19,10.85,0,80,cavefloor,20560017
08/23/19 11:40:00 PM,08/23/19,10.81,0,80,cavefloor,20560017
08/23/19 11:50:00 PM,08/23/19,10.77,0,80,cavefloor,20560017
08/24/19 12:00:00 AM,08/24/19,10.77,0,93,cavefloor,20560017
08/24/19 12:10:00 AM,08/24/19,10.77,0,93,cavefloor,20560017
08/24/19 12:20:00 AM,08/24/19,10.77,0,93,cavefloor,20560017
08/24/19 12:30:00 AM,08/24/19,10.77,0,93,cavefloor,20560017
08/24/19 12:40:00 AM,08/24/19,10.72,0,93,cavefloor,20560017
08/24/19 12:50:00 AM,08/24/19,10.77,0,93,cavefloor,20560017
08/24/19 01:00:00 AM,08/24/19,10.77,0,100,cavefloor,20560017
08/24/19 01:10:00 AM,08/24/19,10.77,0,100,cavefloor,20560017
08/24/19 01:20:00 AM,08/24/19,10.77,0,100,cavefloor,20560017
08/24/19 01:30:00 AM,08/24/19,10.81,0,100,cavefloor,20560017
08/24/19 01:40:00 AM,08/24/19,10.77,0,100,cavefloor,20560017
08/24/19 01:50:00 AM,08/24/19,10.77,0,100,cavefloor,20560017
08/24/19 02:00:00 AM,08/24/19,10.77,0,100,cavefloor,20560017
08/24/19 02:10:00 AM,08/24/19,10.77,0,100,cavefloor,20560017
08/24/19 02:20:00 AM,08/24/19,10.81,0,100,cavefloor,20560017
08/24/19 02:30:00 AM,08/24/19,10.77,0,100,cavefloor,20560017
08/24/19 02:40:00 AM,08/24/19,10.77,0,100,cavefloor,20560017
08/24/19 02:50:00 AM,08/24/19,10.72,0,100,cavefloor,20560017
08/24/19 03:00:00 AM,08/24/19,10.77,0,100,cavefloor,20560017
08/24/19 03:10:00 AM,08/24/19,10.77,0,100,cavefloor,20560017
08/24/19 03:20:00 AM,08/24/19,10.81,0,100,cavefloor,20560017
08/24/19 03:30:00 AM,08/24/19,10.77,0,100,cavefloor,20560017
08/24/19 03:40:00 AM,08/24/19,10.77,0,100,cavefloor,20560017
08/24/19 03:50:00 AM,08/24/19,10.77,0,100,cavefloor,20560017
08/24/19 04:00:00 AM,08/24/19,10.77,0,1.5,cavefloor,20560017
08/24/19 04:10:00 AM,08/24/19,10.77,0,1.5,cavefloor,20560017
08/24/19 04:20:00 AM,08/24/19,10.77,0,1.5,cavefloor,20560017
08/24/19 04:30:00 AM,08/24/19,10.72,0,1.5,cavefloor,20560017
08/24/19 04:40:00 AM,08/24/19,10.77,0,1.5,cavefloor,20560017
08/24/19 04:50:00 AM,08/24/19,10.77,0,1.5,cavefloor,20560017
08/24/19 05:00:00 AM,08/24/19,10.72,0,6.3,cavefloor,20560017
08/24/19 05:10:00 AM,08/24/19,10.77,0,6.3,cavefloor,20560017
08/24/19 05:20:00 AM,08/24/19,10.77,0,6.3,cavefloor,20560017
08/24/19 05:30:00 AM,08/24/19,10.77,0,6.3,cavefloor,20560017
08/24/19 05:40:00 AM,08/24/19,10.77,0,6.3,cavefloor,20560017
08/24/19 05:50:00 AM,08/24/19,10.77,0,6.3,cavefloor,20560017
08/24/19 06:00:00 AM,08/24/19,10.77,0,24,cavefloor,20560017
08/24/19 06:10:00 AM,08/24/19,10.77,0,24,cavefloor,20560017
08/24/19 06:20:00 AM,08/24/19,10.77,0,24,cavefloor,20560017
08/24/19 06:30:00 AM,08/24/19,10.77,0,24,cavefloor,20560017
08/24/19 06:40:00 AM,08/24/19,10.77,0,24,cavefloor,20560017
08/24/19 06:50:00 AM,08/24/19,10.77,0,24,cavefloor,20560017
08/24/19 07:00:00 AM,08/24/19,10.81,0,32,cavefloor,20560017
08/24/19 07:10:00 AM,08/24/19,10.81,0,32,cavefloor,20560017
08/24/19 07:20:00 AM,08/24/19,10.77,0,32,cavefloor,20560017
08/24/19 07:30:00 AM,08/24/19,10.77,0,32,cavefloor,20560017
08/24/19 07:40:00 AM,08/24/19,10.77,0,32,cavefloor,20560017
08/24/19 07:50:00 AM,08/24/19,10.77,1.11,32,cavefloor,20560017
08/24/19 08:00:00 AM,08/24/19,10.77,4.66,5.4,cavefloor,20560017
08/24/19 08:10:00 AM,08/24/19,10.77,13.34,5.4,cavefloor,20560017
08/24/19 08:20:00 AM,08/24/19,10.77,27.14,5.4,cavefloor,20560017
08/24/19 08:30:00 AM,08/24/19,10.77,41.84,5.4,cavefloor,20560017
08/24/19 08:40:00 AM,08/24/19,10.77,68.6,5.4,cavefloor,20560017
08/24/19 08:50:00 AM,08/24/19,10.72,137.2,5.4,cavefloor,20560017
08/24/19 09:00:00 AM,08/24/19,10.77,163.04,6.3,cavefloor,20560017
08/24/19 09:10:00 AM,08/24/19,10.77,191.6,6.3,cavefloor,20560017
08/24/19 09:20:00 AM,08/24/19,10.77,114,6.3,cavefloor,20560017
08/24/19 09:30:00 AM,08/24/19,10.77,106,6.3,cavefloor,20560017
08/24/19 09:40:00 AM,08/24/19,10.77,109.56,6.3,cavefloor,20560017
08/24/19 09:50:00 AM,08/24/19,10.77,142.52,6.3,cavefloor,20560017
08/24/19 10:00:00 AM,08/24/19,10.77,144.4,94,cavefloor,20560017
08/24/19 10:10:00 AM,08/24/19,10.81,145.28,94,cavefloor,20560017
08/24/19 10:20:00 AM,08/24/19,10.81,130.08,94,cavefloor,20560017
08/24/19 10:30:00 AM,08/24/19,10.77,194.24,94,cavefloor,20560017
08/24/19 10:40:00 AM,08/24/19,10.81,211.36,94,cavefloor,20560017
08/24/19 10:50:00 AM,08/24/19,10.85,171.04,94,cavefloor,20560017
08/24/19 11:00:00 AM,08/24/19,10.85,175.6,80,cavefloor,20560017
08/24/19 11:10:00 AM,08/24/19,10.85,156.84,80,cavefloor,20560017
08/24/19 11:20:00 AM,08/24/19,10.85,206.64,80,cavefloor,20560017
08/24/19 11:30:00 AM,08/24/19,10.81,106,80,cavefloor,20560017
08/24/19 11:40:00 AM,08/24/19,10.85,218.4,80,cavefloor,20560017
08/24/19 11:50:00 AM,08/24/19,10.85,183.6,80,cavefloor,20560017
08/24/19 12:00:00 PM,08/24/19,10.81,186.24,34,cavefloor,20560017
08/24/19 12:10:00 PM,08/24/19,10.81,214.88,34,cavefloor,20560017
08/24/19 12:20:00 PM,08/24/19,10.81,203.12,34,cavefloor,20560017
08/24/19 12:30:00 PM,08/24/19,10.85,201.36,34,cavefloor,20560017
08/24/19 12:40:00 PM,08/24/19,10.85,202.24,34,cavefloor,20560017
08/24/19 12:50:00 PM,08/24/19,10.89,228.24,34,cavefloor,20560017
08/24/19 01:00:00 PM,08/24/19,10.81,189.76,4.8,cavefloor,20560017
08/24/19 01:10:00 PM,08/24/19,10.85,176.48,4.8,cavefloor,20560017
08/24/19 01:20:00 PM,08/24/19,10.89,203.12,4.8,cavefloor,20560017
08/24/19 01:30:00 PM,08/24/19,10.81,141.64,4.8,cavefloor,20560017
08/24/19 01:40:00 PM,08/24/19,10.81,149.72,4.8,cavefloor,20560017
08/24/19 01:50:00 PM,08/24/19,10.85,168.4,4.8,cavefloor,20560017
08/24/19 02:00:00 PM,08/24/19,10.85,166.56,48,cavefloor,20560017
08/24/19 02:10:00 PM,08/24/19,10.85,230,48,cavefloor,20560017
08/24/19 02:20:00 PM,08/24/19,10.85,206.64,48,cavefloor,20560017
08/24/19 02:30:00 PM,08/24/19,10.85,114,48,cavefloor,20560017
08/24/19 02:40:00 PM,08/24/19,10.85,177.36,48,cavefloor,20560017
08/24/19 02:50:00 PM,08/24/19,10.85,172.8,48,cavefloor,20560017
08/24/19 03:00:00 PM,08/24/19,10.85,154.16,100,cavefloor,20560017
08/24/19 03:10:00 PM,08/24/19,10.85,154.16,100,cavefloor,20560017
08/24/19 03:20:00 PM,08/24/19,10.89,175.44,100,cavefloor,20560017
08/24/19 03:30:00 PM,08/24/19,10.85,169.28,100,cavefloor,20560017
08/24/19 03:40:00 PM,08/24/19,10.89,181.76,100,cavefloor,20560017
08/24/19 03:50:00 PM,08/24/19,10.85,143.4,100,cavefloor,20560017
08/24/19 04:00:00 PM,08/24/19,10.85,203.12,22,cavefloor,20560017
08/24/19 04:10:00 PM,08/24/19,10.85,160.4,22,cavefloor,20560017
08/24/19 04:20:00 PM,08/24/19,10.85,124.76,22,cavefloor,20560017
08/24/19 04:30:00 PM,08/24/19,10.85,118.56,22,cavefloor,20560017
08/24/19 04:40:00 PM,08/24/19,10.89,115.88,22,cavefloor,20560017
08/24/19 04:50:00 PM,08/24/19,10.85,88.24,22,cavefloor,20560017
08/24/19 05:00:00 PM,08/24/19,10.85,65.48,100,cavefloor,20560017
08/24/19 05:10:00 PM,08/24/19,10.85,65.48,100,cavefloor,20560017
08/24/19 05:20:00 PM,08/24/19,10.85,81.52,100,cavefloor,20560017
08/24/19 05:30:00 PM,08/24/19,10.85,82.92,100,cavefloor,20560017
08/24/19 05:40:00 PM,08/24/19,10.85,54.34,100,cavefloor,20560017
08/24/19 05:50:00 PM,08/24/19,10.85,37.85,100,cavefloor,20560017
08/24/19 06:00:00 PM,08/24/19,10.81,36.07,100,cavefloor,20560017
08/24/19 06:10:00 PM,08/24/19,10.85,22.03,100,cavefloor,20560017
08/24/19 06:20:00 PM,08/24/19,10.85,16.92,100,cavefloor,20560017
08/24/19 06:30:00 PM,08/24/19,10.89,7.99,100,cavefloor,20560017
08/24/19 06:40:00 PM,08/24/19,10.89,4.88,100,cavefloor,20560017
08/24/19 06:50:00 PM,08/24/19,10.85,1.33,100,cavefloor,20560017
08/24/19 07:00:00 PM,08/24/19,10.89,0,100,cavefloor,20560017
08/24/19 07:10:00 PM,08/24/19,10.85,0,100,cavefloor,20560017
08/24/19 07:20:00 PM,08/24/19,10.85,0,100,cavefloor,20560017
08/24/19 07:30:00 PM,08/24/19,10.85,0,100,cavefloor,20560017
08/24/19 07:40:00 PM,08/24/19,10.89,0,100,cavefloor,20560017
08/24/19 07:50:00 PM,08/24/19,10.94,0,100,cavefloor,20560017
08/24/19 08:00:00 PM,08/24/19,10.85,0,38,cavefloor,20560017
08/24/19 08:10:00 PM,08/24/19,10.85,0,38,cavefloor,20560017
08/24/19 08:20:00 PM,08/24/19,10.85,0,38,cavefloor,20560017
08/24/19 08:30:00 PM,08/24/19,10.85,0,38,cavefloor,20560017
08/24/19 08:40:00 PM,08/24/19,10.85,0,38,cavefloor,20560017
08/24/19 08:50:00 PM,08/24/19,10.81,0,38,cavefloor,20560017
08/24/19 09:00:00 PM,08/24/19,10.85,0,1,cavefloor,20560017
08/24/19 09:10:00 PM,08/24/19,10.81,0,1,cavefloor,20560017
08/24/19 09:20:00 PM,08/24/19,10.81,0,1,cavefloor,20560017
08/24/19 09:30:00 PM,08/24/19,10.85,0,1,cavefloor,20560017
08/24/19 09:40:00 PM,08/24/19,10.85,0,1,cavefloor,20560017
08/24/19 09:50:00 PM,08/24/19,10.85,0,1,cavefloor,20560017
08/24/19 10:00:00 PM,08/24/19,10.81,0,16,cavefloor,20560017
08/24/19 10:10:00 PM,08/24/19,10.81,0,16,cavefloor,20560017
08/24/19 10:20:00 PM,08/24/19,10.81,0,16,cavefloor,20560017
08/24/19 10:30:00 PM,08/24/19,10.81,0,16,cavefloor,20560017
08/24/19 10:40:00 PM,08/24/19,10.77,0,16,cavefloor,20560017
08/24/19 10:50:00 PM,08/24/19,10.77,0,16,cavefloor,20560017
08/24/19 11:00:00 PM,08/24/19,10.81,0,0,cavefloor,20560017
08/24/19 11:10:00 PM,08/24/19,10.81,0,0,cavefloor,20560017
08/24/19 11:20:00 PM,08/24/19,10.81,0,0,cavefloor,20560017
08/24/19 11:30:00 PM,08/24/19,10.81,0,0,cavefloor,20560017
08/24/19 11:40:00 PM,08/24/19,10.77,0,0,cavefloor,20560017
08/24/19 11:50:00 PM,08/24/19,10.85,0,0,cavefloor,20560017
08/25/19 12:00:00 AM,08/25/19,10.77,0,0,cavefloor,20560017
08/25/19 12:10:00 AM,08/25/19,10.81,0,0,cavefloor,20560017
08/25/19 12:20:00 AM,08/25/19,10.81,0,0,cavefloor,20560017
08/25/19 12:30:00 AM,08/25/19,10.81,0,0,cavefloor,20560017
08/25/19 12:40:00 AM,08/25/19,10.81,0,0,cavefloor,20560017
08/25/19 12:50:00 AM,08/25/19,10.85,0,0,cavefloor,20560017
08/25/19 01:00:00 AM,08/25/19,10.85,0,34,cavefloor,20560017
08/25/19 01:10:00 AM,08/25/19,10.81,0,34,cavefloor,20560017
08/25/19 01:20:00 AM,08/25/19,10.85,0,34,cavefloor,20560017
08/25/19 01:30:00 AM,08/25/19,10.85,0,34,cavefloor,20560017
08/25/19 01:40:00 AM,08/25/19,10.81,0,34,cavefloor,20560017
08/25/19 01:50:00 AM,08/25/19,10.81,0,34,cavefloor,20560017
08/25/19 02:00:00 AM,08/25/19,10.85,0,0,cavefloor,20560017
08/25/19 02:10:00 AM,08/25/19,10.81,0,0,cavefloor,20560017
08/25/19 02:20:00 AM,08/25/19,10.81,0,0,cavefloor,20560017
08/25/19 02:30:00 AM,08/25/19,10.85,0,0,cavefloor,20560017
08/25/19 02:40:00 AM,08/25/19,10.85,0,0,cavefloor,20560017
08/25/19 02:50:00 AM,08/25/19,10.85,0,0,cavefloor,20560017
08/25/19 03:00:00 AM,08/25/19,10.85,0,2.7,cavefloor,20560017
08/25/19 03:10:00 AM,08/25/19,10.81,0,2.7,cavefloor,20560017
08/25/19 03:20:00 AM,08/25/19,10.81,0,2.7,cavefloor,20560017
08/25/19 03:30:00 AM,08/25/19,10.85,0,2.7,cavefloor,20560017
08/25/19 03:40:00 AM,08/25/19,10.85,0,2.7,cavefloor,20560017
08/25/19 03:50:00 AM,08/25/19,10.85,0,2.7,cavefloor,20560017
08/25/19 04:00:00 AM,08/25/19,10.85,0,3.9,cavefloor,20560017
08/25/19 04:10:00 AM,08/25/19,10.85,0,3.9,cavefloor,20560017
08/25/19 04:20:00 AM,08/25/19,10.85,0,3.9,cavefloor,20560017
08/25/19 04:30:00 AM,08/25/19,10.85,0,3.9,cavefloor,20560017
08/25/19 04:40:00 AM,08/25/19,10.85,0,3.9,cavefloor,20560017
08/25/19 04:50:00 AM,08/25/19,10.81,0,3.9,cavefloor,20560017
08/25/19 05:00:00 AM,08/25/19,10.85,0,1.8,cavefloor,20560017
08/25/19 05:10:00 AM,08/25/19,10.85,0,1.8,cavefloor,20560017
08/25/19 05:20:00 AM,08/25/19,10.85,0,1.8,cavefloor,20560017
08/25/19 05:30:00 AM,08/25/19,10.85,0,1.8,cavefloor,20560017
08/25/19 05:40:00 AM,08/25/19,10.89,0,1.8,cavefloor,20560017
08/25/19 05:50:00 AM,08/25/19,10.85,0,1.8,cavefloor,20560017
08/25/19 06:00:00 AM,08/25/19,10.85,0,1.5,cavefloor,20560017
08/25/19 06:10:00 AM,08/25/19,10.89,0,1.5,cavefloor,20560017
08/25/19 06:20:00 AM,08/25/19,10.89,0,1.5,cavefloor,20560017
08/25/19 06:30:00 AM,08/25/19,10.81,0,1.5,cavefloor,20560017
08/25/19 06:40:00 AM,08/25/19,10.81,0,1.5,cavefloor,20560017
08/25/19 06:50:00 AM,08/25/19,10.85,0,1.5,cavefloor,20560017
08/25/19 07:00:00 AM,08/25/19,10.85,0,1.5,cavefloor,20560017
08/25/19 07:10:00 AM,08/25/19,10.85,0,1.5,cavefloor,20560017
08/25/19 07:20:00 AM,08/25/19,10.85,0,1.5,cavefloor,20560017
08/25/19 07:30:00 AM,08/25/19,10.81,0,1.5,cavefloor,20560017
08/25/19 07:40:00 AM,08/25/19,10.81,0,1.5,cavefloor,20560017
08/25/19 07:50:00 AM,08/25/19,10.85,1.55,1.5,cavefloor,20560017
08/25/19 08:00:00 AM,08/25/19,10.81,5.99,0.9,cavefloor,20560017
08/25/19 08:10:00 AM,08/25/19,10.85,12.68,0.9,cavefloor,20560017
08/25/19 08:20:00 AM,08/25/19,10.81,20.7,0.9,cavefloor,20560017
08/25/19 08:30:00 AM,08/25/19,10.81,31.13,0.9,cavefloor,20560017
08/25/19 08:40:00 AM,08/25/19,10.77,44.5,0.9,cavefloor,20560017
08/25/19 08:50:00 AM,08/25/19,10.77,70.38,0.9,cavefloor,20560017
08/25/19 09:00:00 AM,08/25/19,10.81,98,0.6,cavefloor,20560017
08/25/19 09:10:00 AM,08/25/19,10.77,99.76,0.6,cavefloor,20560017
08/25/19 09:20:00 AM,08/25/19,10.77,100.68,0.6,cavefloor,20560017
08/25/19 09:30:00 AM,08/25/19,10.77,73.54,0.6,cavefloor,20560017
08/25/19 09:40:00 AM,08/25/19,10.77,113.2,0.6,cavefloor,20560017
08/25/19 09:50:00 AM,08/25/19,10.81,198.64,0.6,cavefloor,20560017
08/25/19 10:00:00 AM,08/25/19,10.81,226.4,0.6,cavefloor,20560017
08/25/19 10:10:00 AM,08/25/19,10.81,238,0.6,cavefloor,20560017
08/25/19 10:20:00 AM,08/25/19,10.85,235.28,0.6,cavefloor,20560017
08/25/19 10:30:00 AM,08/25/19,10.85,190.64,0.6,cavefloor,20560017
08/25/19 10:40:00 AM,08/25/19,10.81,161.28,0.6,cavefloor,20560017
08/25/19 10:50:00 AM,08/25/19,10.81,206.88,0.6,cavefloor,20560017
08/25/19 11:00:00 AM,08/25/19,10.85,205.12,6,cavefloor,20560017
08/25/19 11:10:00 AM,08/25/19,10.89,221.12,6,cavefloor,20560017
08/25/19 11:20:00 AM,08/25/19,10.85,204.88,6,cavefloor,20560017
08/25/19 11:30:00 AM,08/25/19,10.89,231.76,6,cavefloor,20560017
08/25/19 11:40:00 AM,08/25/19,10.89,202.48,6,cavefloor,20560017
08/25/19 11:50:00 AM,08/25/19,10.94,188.88,6,cavefloor,20560017
08/25/19 12:00:00 PM,08/25/19,10.98,216.64,6,cavefloor,20560017
08/25/19 12:10:00 PM,08/25/19,10.89,188.88,3.9,cavefloor,20560017
08/25/19 12:20:00 PM,08/25/19,10.94,202.48,3.9,cavefloor,20560017
08/25/19 12:30:00 PM,08/25/19,10.98,185.36,3.9,cavefloor,20560017
08/25/19 12:40:00 PM,08/25/19,10.94,158.6,3.9,cavefloor,20560017
08/25/19 12:50:00 PM,08/25/19,10.98,194.24,3.9,cavefloor,20560017
08/25/19 01:00:00 PM,08/25/19,10.94,182.72,0.9,cavefloor,20560017
08/25/19 01:10:00 PM,08/25/19,10.98,176.48,0.9,cavefloor,20560017
08/25/19 01:20:00 PM,08/25/19,10.94,154.16,0.9,cavefloor,20560017
08/25/19 01:30:00 PM,08/25/19,10.98,170.16,0.9,cavefloor,20560017
08/25/19 01:40:00 PM,08/25/19,10.94,165.68,0.9,cavefloor,20560017
08/25/19 01:50:00 PM,08/25/19,10.94,161.28,0.9,cavefloor,20560017
08/25/19 02:00:00 PM,08/25/19,10.89,159.52,0,cavefloor,20560017
08/25/19 02:10:00 PM,08/25/19,11.02,147.08,0,cavefloor,20560017
08/25/19 02:20:00 PM,08/25/19,10.94,138.96,0,cavefloor,20560017
08/25/19 02:30:00 PM,08/25/19,10.98,145.28,0,cavefloor,20560017
08/25/19 02:40:00 PM,08/25/19,10.94,154.16,0,cavefloor,20560017
08/25/19 02:50:00 PM,08/25/19,10.98,101.56,0,cavefloor,20560017
08/25/19 03:00:00 PM,08/25/19,10.98,89.12,0,cavefloor,20560017
08/25/19 03:10:00 PM,08/25/19,10.94,90.88,0,cavefloor,20560017
08/25/19 03:20:00 PM,08/25/19,10.94,98,0,cavefloor,20560017
08/25/19 03:30:00 PM,08/25/19,10.94,105.12,0,cavefloor,20560017
08/25/19 03:40:00 PM,08/25/19,10.98,110.44,0,cavefloor,20560017
08/25/19 03:50:00 PM,08/25/19,10.94,110.44,0,cavefloor,20560017
08/25/19 04:00:00 PM,08/25/19,10.98,116.76,0,cavefloor,20560017
08/25/19 04:10:00 PM,08/25/19,10.94,114,0,cavefloor,20560017
08/25/19 04:20:00 PM,08/25/19,10.98,96.24,0,cavefloor,20560017
08/25/19 04:30:00 PM,08/25/19,10.98,83.8,0,cavefloor,20560017
08/25/19 04:40:00 PM,08/25/19,10.89,80.64,0,cavefloor,20560017
08/25/19 04:50:00 PM,08/25/19,10.94,85.56,0,cavefloor,20560017
08/25/19 05:00:00 PM,08/25/19,10.98,83.8,0.6,cavefloor,20560017
08/25/19 05:10:00 PM,08/25/19,10.98,73.48,0.6,cavefloor,20560017
08/25/19 05:20:00 PM,08/25/19,10.98,70.82,0.6,cavefloor,20560017
08/25/19 05:30:00 PM,08/25/19,10.94,61,0.6,cavefloor,20560017
08/25/19 05:40:00 PM,08/25/19,10.98,57.44,0.6,cavefloor,20560017
08/25/19 05:50:00 PM,08/25/19,10.98,41.84,0.6,cavefloor,20560017
08/25/19 06:00:00 PM,08/25/19,10.98,34.3,5.1,cavefloor,20560017
08/25/19 06:10:00 PM,08/25/19,10.94,25.83,5.1,cavefloor,20560017
08/25/19 06:20:00 PM,08/25/19,10.98,15.56,5.1,cavefloor,20560017
08/25/19 06:30:00 PM,08/25/19,11.02,10.21,5.1,cavefloor,20560017
08/25/19 06:40:00 PM,08/25/19,10.98,4.44,5.1,cavefloor,20560017
08/25/19 06:50:00 PM,08/25/19,10.98,0.88,5.1,cavefloor,20560017
08/25/19 07:00:00 PM,08/25/19,11.02,0,3.6,cavefloor,20560017
08/25/19 07:10:00 PM,08/25/19,10.98,0,3.6,cavefloor,20560017
08/25/19 07:20:00 PM,08/25/19,11.02,0,3.6,cavefloor,20560017
08/25/19 07:30:00 PM,08/25/19,11.02,0,3.6,cavefloor,20560017
08/25/19 07:40:00 PM,08/25/19,10.98,0,3.6,cavefloor,20560017
08/25/19 07:50:00 PM,08/25/19,10.98,0,3.6,cavefloor,20560017
08/25/19 08:00:00 PM,08/25/19,11.02,0,4.2,cavefloor,20560017
08/25/19 08:10:00 PM,08/25/19,10.98,0,4.2,cavefloor,20560017
08/25/19 08:20:00 PM,08/25/19,10.98,0,4.2,cavefloor,20560017
08/25/19 08:30:00 PM,08/25/19,10.98,0,4.2,cavefloor,20560017
08/25/19 08:40:00 PM,08/25/19,10.98,0,4.2,cavefloor,20560017
08/25/19 08:50:00 PM,08/25/19,10.98,0,4.2,cavefloor,20560017
08/25/19 09:00:00 PM,08/25/19,10.98,0,1.2,cavefloor,20560017
08/25/19 09:10:00 PM,08/25/19,10.94,0,1.2,cavefloor,20560017
08/25/19 09:20:00 PM,08/25/19,10.98,0,1.2,cavefloor,20560017
08/25/19 09:30:00 PM,08/25/19,10.94,0,1.2,cavefloor,20560017
08/25/19 09:40:00 PM,08/25/19,10.98,0,1.2,cavefloor,20560017
08/25/19 09:50:00 PM,08/25/19,10.94,0,1.2,cavefloor,20560017
08/25/19 10:00:00 PM,08/25/19,10.94,0,0.9,cavefloor,20560017
08/23/19 10:00:00 AM,08/23/19,10.89,4108.8,75,horizontal,20560018
08/23/19 10:10:00 AM,08/23/19,10.85,4092.16,75,horizontal,20560018
08/23/19 10:20:00 AM,08/23/19,10.85,3569.92,75,horizontal,20560018
08/23/19 10:30:00 AM,08/23/19,10.89,4211.2,75,horizontal,20560018
08/23/19 10:40:00 AM,08/23/19,10.85,4757.76,75,horizontal,20560018
08/23/19 10:50:00 AM,08/23/19,10.89,4221.44,75,horizontal,20560018
08/23/19 11:00:00 AM,08/23/19,10.85,2676.48,100,horizontal,20560018
08/23/19 11:10:00 AM,08/23/19,10.85,2978.56,100,horizontal,20560018
08/23/19 11:20:00 AM,08/23/19,10.85,4052.48,100,horizontal,20560018
08/23/19 11:30:00 AM,08/23/19,10.94,7879.68,100,horizontal,20560018
08/23/19 11:40:00 AM,08/23/19,10.98,7705.6,100,horizontal,20560018
08/23/19 11:50:00 AM,08/23/19,10.98,6865.92,100,horizontal,20560018
08/23/19 12:00:00 PM,08/23/19,10.94,5767.68,100,horizontal,20560018
08/23/19 12:10:00 PM,08/23/19,10.89,4595.2,100,horizontal,20560018
08/23/19 12:20:00 PM,08/23/19,10.89,5116.16,100,horizontal,20560018
08/23/19 12:30:00 PM,08/23/19,10.94,6097.92,100,horizontal,20560018
08/23/19 12:40:00 PM,08/23/19,10.98,6205.44,100,horizontal,20560018
08/23/19 12:50:00 PM,08/23/19,10.94,6074.88,100,horizontal,20560018
08/23/19 01:00:00 PM,08/23/19,10.94,5598.72,100,horizontal,20560018
08/23/19 01:10:00 PM,08/23/19,10.94,6389.76,100,horizontal,20560018
08/23/19 01:20:00 PM,08/23/19,10.98,7265.28,100,horizontal,20560018
08/23/19 01:30:00 PM,08/23/19,10.94,6932.48,100,horizontal,20560018
08/23/19 01:40:00 PM,08/23/19,10.94,5798.4,100,horizontal,20560018
08/23/19 01:50:00 PM,08/23/19,10.94,6197.76,100,horizontal,20560018
08/23/19 02:00:00 PM,08/23/19,10.98,6225.92,100,horizontal,20560018
08/23/19 02:10:00 PM,08/23/19,10.94,5601.28,100,horizontal,20560018
08/23/19 02:20:00 PM,08/23/19,10.94,6051.84,100,horizontal,20560018
08/23/19 02:30:00 PM,08/23/19,10.94,6277.12,100,horizontal,20560018
08/23/19 02:40:00 PM,08/23/19,10.98,7654.4,100,horizontal,20560018
08/23/19 02:50:00 PM,08/23/19,10.94,7175.68,100,horizontal,20560018
08/23/19 03:00:00 PM,08/23/19,10.94,6187.52,11.1,horizontal,20560018
08/23/19 03:10:00 PM,08/23/19,11.02,6545.92,11.1,horizontal,20560018
08/23/19 03:20:00 PM,08/23/19,10.98,6256.64,11.1,horizontal,20560018
08/23/19 03:30:00 PM,08/23/19,10.98,6446.08,11.1,horizontal,20560018
08/23/19 03:40:00 PM,08/23/19,10.98,6348.8,11.1,horizontal,20560018
08/23/19 03:50:00 PM,08/23/19,11.02,7040,11.1,horizontal,20560018
08/23/19 04:00:00 PM,08/23/19,10.98,6778.88,66,horizontal,20560018
08/23/19 04:10:00 PM,08/23/19,11.02,6599.68,66,horizontal,20560018
08/23/19 04:20:00 PM,08/23/19,11.02,7802.88,66,horizontal,20560018
08/23/19 04:30:00 PM,08/23/19,11.02,6330.88,66,horizontal,20560018
08/23/19 04:40:00 PM,08/23/19,10.98,5109.76,66,horizontal,20560018
08/23/19 04:50:00 PM,08/23/19,10.98,4838.4,66,horizontal,20560018
08/23/19 05:00:00 PM,08/23/19,10.98,4162.56,85,horizontal,20560018
08/23/19 05:10:00 PM,08/23/19,10.94,4108.8,85,horizontal,20560018
08/23/19 05:20:00 PM,08/23/19,10.94,3508.48,85,horizontal,20560018
08/23/19 05:30:00 PM,08/23/19,10.89,2429.44,85,horizontal,20560018
08/23/19 05:40:00 PM,08/23/19,10.89,1500.8,85,horizontal,20560018
08/23/19 05:50:00 PM,08/23/19,10.89,1003.52,85,horizontal,20560018
08/23/19 06:00:00 PM,08/23/19,10.89,901.44,90,horizontal,20560018
08/23/19 06:10:00 PM,08/23/19,10.85,485.92,90,horizontal,20560018
08/23/19 06:20:00 PM,08/23/19,10.85,316.48,90,horizontal,20560018
08/23/19 06:30:00 PM,08/23/19,10.85,121.04,90,horizontal,20560018
08/23/19 06:40:00 PM,08/23/19,10.85,41.1,90,horizontal,20560018
08/23/19 06:50:00 PM,08/23/19,10.81,16.56,90,horizontal,20560018
08/23/19 07:00:00 PM,08/23/19,10.85,3.74,99,horizontal,20560018
08/23/19 07:10:00 PM,08/23/19,10.85,0.22,99,horizontal,20560018
08/23/19 07:20:00 PM,08/23/19,10.81,0,99,horizontal,20560018
08/23/19 07:30:00 PM,08/23/19,10.81,0,99,horizontal,20560018
08/23/19 07:40:00 PM,08/23/19,10.85,0,99,horizontal,20560018
08/23/19 07:50:00 PM,08/23/19,10.81,0,99,horizontal,20560018
08/23/19 08:00:00 PM,08/23/19,10.85,0,100,horizontal,20560018
08/23/19 08:10:00 PM,08/23/19,10.85,0,100,horizontal,20560018
08/23/19 08:20:00 PM,08/23/19,10.81,0,100,horizontal,20560018
08/23/19 08:30:00 PM,08/23/19,10.85,0,100,horizontal,20560018
08/23/19 08:40:00 PM,08/23/19,10.85,0,100,horizontal,20560018
08/23/19 08:50:00 PM,08/23/19,10.85,0,100,horizontal,20560018
08/23/19 09:00:00 PM,08/23/19,10.85,0,100,horizontal,20560018
08/23/19 09:10:00 PM,08/23/19,10.85,0,100,horizontal,20560018
08/23/19 09:20:00 PM,08/23/19,10.85,0,100,horizontal,20560018
08/23/19 09:30:00 PM,08/23/19,10.85,0,100,horizontal,20560018
08/23/19 09:40:00 PM,08/23/19,10.89,0,100,horizontal,20560018
08/23/19 09:50:00 PM,08/23/19,10.85,0,100,horizontal,20560018
08/23/19 10:00:00 PM,08/23/19,10.85,0,100,horizontal,20560018
08/23/19 10:10:00 PM,08/23/19,10.85,0,100,horizontal,20560018
08/23/19 10:20:00 PM,08/23/19,10.85,0,100,horizontal,20560018
08/23/19 10:30:00 PM,08/23/19,10.85,0,100,horizontal,20560018
08/23/19 10:40:00 PM,08/23/19,10.85,0,100,horizontal,20560018
08/23/19 10:50:00 PM,08/23/19,10.81,0,100,horizontal,20560018
08/23/19 11:00:00 PM,08/23/19,10.85,0,80,horizontal,20560018
08/23/19 11:10:00 PM,08/23/19,10.77,0,80,horizontal,20560018
08/23/19 11:20:00 PM,08/23/19,10.81,0,80,horizontal,20560018
08/23/19 11:30:00 PM,08/23/19,10.81,0,80,horizontal,20560018
08/23/19 11:40:00 PM,08/23/19,10.85,0,80,horizontal,20560018
08/23/19 11:50:00 PM,08/23/19,10.77,0,80,horizontal,20560018
08/24/19 12:00:00 AM,08/24/19,10.77,0,93,horizontal,20560018
08/24/19 12:10:00 AM,08/24/19,10.77,0,93,horizontal,20560018
08/24/19 12:20:00 AM,08/24/19,10.77,0,93,horizontal,20560018
08/24/19 12:30:00 AM,08/24/19,10.77,0,93,horizontal,20560018
08/24/19 12:40:00 AM,08/24/19,10.81,0,93,horizontal,20560018
08/24/19 12:50:00 AM,08/24/19,10.81,0,93,horizontal,20560018
08/24/19 01:00:00 AM,08/24/19,10.81,0,100,horizontal,20560018
08/24/19 01:10:00 AM,08/24/19,10.77,0,100,horizontal,20560018
08/24/19 01:20:00 AM,08/24/19,10.77,0,100,horizontal,20560018
08/24/19 01:30:00 AM,08/24/19,10.81,0,100,horizontal,20560018
08/24/19 01:40:00 AM,08/24/19,10.77,0,100,horizontal,20560018
08/24/19 01:50:00 AM,08/24/19,10.81,0,100,horizontal,20560018
08/24/19 02:00:00 AM,08/24/19,10.81,0,100,horizontal,20560018
08/24/19 02:10:00 AM,08/24/19,10.81,0,100,horizontal,20560018
08/24/19 02:20:00 AM,08/24/19,10.81,0,100,horizontal,20560018
08/24/19 02:30:00 AM,08/24/19,10.81,0,100,horizontal,20560018
08/24/19 02:40:00 AM,08/24/19,10.81,0,100,horizontal,20560018
08/24/19 02:50:00 AM,08/24/19,10.77,0,100,horizontal,20560018
08/24/19 03:00:00 AM,08/24/19,10.77,0,100,horizontal,20560018
08/24/19 03:10:00 AM,08/24/19,10.77,0,100,horizontal,20560018
08/24/19 03:20:00 AM,08/24/19,10.81,0,100,horizontal,20560018
08/24/19 03:30:00 AM,08/24/19,10.77,0,100,horizontal,20560018
08/24/19 03:40:00 AM,08/24/19,10.77,0,100,horizontal,20560018
08/24/19 03:50:00 AM,08/24/19,10.81,0,100,horizontal,20560018
08/24/19 04:00:00 AM,08/24/19,10.77,0,1.5,horizontal,20560018
08/24/19 04:10:00 AM,08/24/19,10.72,0,1.5,horizontal,20560018
08/24/19 04:20:00 AM,08/24/19,10.81,0,1.5,horizontal,20560018
08/24/19 04:30:00 AM,08/24/19,10.77,0,1.5,horizontal,20560018
08/24/19 04:40:00 AM,08/24/19,10.72,0,1.5,horizontal,20560018
08/24/19 04:50:00 AM,08/24/19,10.77,0,1.5,horizontal,20560018
08/24/19 05:00:00 AM,08/24/19,10.77,0,6.3,horizontal,20560018
08/24/19 05:10:00 AM,08/24/19,10.81,0,6.3,horizontal,20560018
08/24/19 05:20:00 AM,08/24/19,10.77,0,6.3,horizontal,20560018
08/24/19 05:30:00 AM,08/24/19,10.77,0,6.3,horizontal,20560018
08/24/19 05:40:00 AM,08/24/19,10.77,0,6.3,horizontal,20560018
08/24/19 05:50:00 AM,08/24/19,10.77,0,6.3,horizontal,20560018
08/24/19 06:00:00 AM,08/24/19,10.77,0,24,horizontal,20560018
08/24/19 06:10:00 AM,08/24/19,10.77,0,24,horizontal,20560018
08/24/19 06:20:00 AM,08/24/19,10.77,0,24,horizontal,20560018
08/24/19 06:30:00 AM,08/24/19,10.77,0,24,horizontal,20560018
08/24/19 06:40:00 AM,08/24/19,10.81,0,24,horizontal,20560018
08/24/19 06:50:00 AM,08/24/19,10.77,0,24,horizontal,20560018
08/24/19 07:00:00 AM,08/24/19,10.81,0,32,horizontal,20560018
08/24/19 07:10:00 AM,08/24/19,10.81,0,32,horizontal,20560018
08/24/19 07:20:00 AM,08/24/19,10.77,0,32,horizontal,20560018
08/24/19 07:30:00 AM,08/24/19,10.77,0.88,32,horizontal,20560018
08/24/19 07:40:00 AM,08/24/19,10.77,7.26,32,horizontal,20560018
08/24/19 07:50:00 AM,08/24/19,10.72,53.48,32,horizontal,20560018
08/24/19 08:00:00 AM,08/24/19,10.77,180.32,5.4,horizontal,20560018
08/24/19 08:10:00 AM,08/24/19,10.77,475.36,5.4,horizontal,20560018
08/24/19 08:20:00 AM,08/24/19,10.81,857.28,5.4,horizontal,20560018
08/24/19 08:30:00 AM,08/24/19,10.81,1364.48,5.4,horizontal,20560018
08/24/19 08:40:00 AM,08/24/19,10.81,2199.04,5.4,horizontal,20560018
08/24/19 08:50:00 AM,08/24/19,10.85,3883.52,5.4,horizontal,20560018
08/24/19 09:00:00 AM,08/24/19,10.81,5134.08,6.3,horizontal,20560018
08/24/19 09:10:00 AM,08/24/19,10.89,6159.36,6.3,horizontal,20560018
08/24/19 09:20:00 AM,08/24/19,10.89,4412.16,6.3,horizontal,20560018
08/24/19 09:30:00 AM,08/24/19,10.85,4546.56,6.3,horizontal,20560018
08/24/19 09:40:00 AM,08/24/19,10.85,4017.92,6.3,horizontal,20560018
08/24/19 09:50:00 AM,08/24/19,10.89,4858.88,6.3,horizontal,20560018
08/24/19 10:00:00 AM,08/24/19,10.85,5226.24,94,horizontal,20560018
08/24/19 10:10:00 AM,08/24/19,10.89,5916.16,94,horizontal,20560018
08/24/19 10:20:00 AM,08/24/19,10.89,4930.56,94,horizontal,20560018
08/24/19 10:30:00 AM,08/24/19,10.98,7710.72,94,horizontal,20560018
08/24/19 10:40:00 AM,08/24/19,10.94,7923.2,94,horizontal,20560018
08/24/19 10:50:00 AM,08/24/19,10.94,5975.04,94,horizontal,20560018
08/24/19 11:00:00 AM,08/24/19,10.94,6566.4,80,horizontal,20560018
08/24/19 11:10:00 AM,08/24/19,10.94,6041.6,80,horizontal,20560018
08/24/19 11:20:00 AM,08/24/19,11.02,9134.08,80,horizontal,20560018
08/24/19 11:30:00 AM,08/24/19,10.98,4549.12,80,horizontal,20560018
08/24/19 11:40:00 AM,08/24/19,10.98,10199.04,80,horizontal,20560018
08/24/19 11:50:00 AM,08/24/19,11.02,8599.04,80,horizontal,20560018
08/24/19 12:00:00 PM,08/24/19,11.02,9978.88,34,horizontal,20560018
08/24/19 12:10:00 PM,08/24/19,11.02,13537.28,34,horizontal,20560018
08/24/19 12:20:00 PM,08/24/19,11.07,11520,34,horizontal,20560018
08/24/19 12:30:00 PM,08/24/19,11.07,12180.48,34,horizontal,20560018
08/24/19 12:40:00 PM,08/24/19,11.02,13148.16,34,horizontal,20560018
08/24/19 12:50:00 PM,08/24/19,11.15,15308.8,34,horizontal,20560018
08/24/19 01:00:00 PM,08/24/19,11.07,12395.52,4.8,horizontal,20560018
08/24/19 01:10:00 PM,08/24/19,11.02,11950.08,4.8,horizontal,20560018
08/24/19 01:20:00 PM,08/24/19,11.15,15400.96,4.8,horizontal,20560018
08/24/19 01:30:00 PM,08/24/19,11.02,6814.72,4.8,horizontal,20560018
08/24/19 01:40:00 PM,08/24/19,11.02,7183.36,4.8,horizontal,20560018
08/24/19 01:50:00 PM,08/24/19,11.02,8578.56,4.8,horizontal,20560018
08/24/19 02:00:00 PM,08/24/19,11.07,7964.16,48,horizontal,20560018
08/24/19 02:10:00 PM,08/24/19,11.07,15411.2,48,horizontal,20560018
08/24/19 02:20:00 PM,08/24/19,11.15,14597.12,48,horizontal,20560018
08/24/19 02:30:00 PM,08/24/19,10.94,5506.56,48,horizontal,20560018
08/24/19 02:40:00 PM,08/24/19,11.11,11991.04,48,horizontal,20560018
08/24/19 02:50:00 PM,08/24/19,11.11,10007.04,48,horizontal,20560018
08/24/19 03:00:00 PM,08/24/19,11.02,6412.8,100,horizontal,20560018
08/24/19 03:10:00 PM,08/24/19,10.98,5701.12,100,horizontal,20560018
08/24/19 03:20:00 PM,08/24/19,11.02,7577.6,100,horizontal,20560018
08/24/19 03:30:00 PM,08/24/19,11.02,7316.48,100,horizontal,20560018
08/24/19 03:40:00 PM,08/24/19,11.07,8458.24,100,horizontal,20560018
08/24/19 03:50:00 PM,08/24/19,10.98,5926.4,100,horizontal,20560018
08/24/19 04:00:00 PM,08/24/19,11.11,10792.96,22,horizontal,20560018
08/24/19 04:10:00 PM,08/24/19,11.11,8386.56,22,horizontal,20560018
08/24/19 04:20:00 PM,08/24/19,11.07,6528,22,horizontal,20560018
08/24/19 04:30:00 PM,08/24/19,11.07,6366.72,22,horizontal,20560018
08/24/19 04:40:00 PM,08/24/19,11.02,6543.36,22,horizontal,20560018
08/24/19 04:50:00 PM,08/24/19,11.02,3799.04,22,horizontal,20560018
08/24/19 05:00:00 PM,08/24/19,10.98,3550.72,100,horizontal,20560018
08/24/19 05:10:00 PM,08/24/19,10.94,2887.68,100,horizontal,20560018
08/24/19 05:20:00 PM,08/24/19,10.94,3690.24,100,horizontal,20560018
08/24/19 05:30:00 PM,08/24/19,10.98,3740.16,100,horizontal,20560018
08/24/19 05:40:00 PM,08/24/19,10.94,2477.44,100,horizontal,20560018
08/24/19 05:50:00 PM,08/24/19,10.89,2165.76,100,horizontal,20560018
08/24/19 06:00:00 PM,08/24/19,10.89,1438.08,100,horizontal,20560018
08/24/19 06:10:00 PM,08/24/19,10.89,917.44,100,horizontal,20560018
08/24/19 06:20:00 PM,08/24/19,10.89,686.72,100,horizontal,20560018
08/24/19 06:30:00 PM,08/24/19,10.85,405.76,100,horizontal,20560018
08/24/19 06:40:00 PM,08/24/19,10.89,207.76,100,horizontal,20560018
08/24/19 06:50:00 PM,08/24/19,10.89,78.18,100,horizontal,20560018
08/24/19 07:00:00 PM,08/24/19,10.85,14.77,100,horizontal,20560018
08/24/19 07:10:00 PM,08/24/19,10.89,2.2,100,horizontal,20560018
08/24/19 07:20:00 PM,08/24/19,10.85,0,100,horizontal,20560018
08/24/19 07:30:00 PM,08/24/19,10.89,0,100,horizontal,20560018
08/24/19 07:40:00 PM,08/24/19,10.85,0,100,horizontal,20560018
08/24/19 07:50:00 PM,08/24/19,10.85,0,100,horizontal,20560018
08/24/19 08:00:00 PM,08/24/19,10.89,0,38,horizontal,20560018
08/24/19 08:10:00 PM,08/24/19,10.89,0,38,horizontal,20560018
08/24/19 08:20:00 PM,08/24/19,10.85,0,38,horizontal,20560018
08/24/19 08:30:00 PM,08/24/19,10.85,0,38,horizontal,20560018
08/24/19 08:40:00 PM,08/24/19,10.85,0,38,horizontal,20560018
08/24/19 08:50:00 PM,08/24/19,10.81,0,38,horizontal,20560018
08/24/19 09:00:00 PM,08/24/19,10.81,0,1,horizontal,20560018
08/24/19 09:10:00 PM,08/24/19,10.85,0,1,horizontal,20560018
08/24/19 09:20:00 PM,08/24/19,10.85,0,1,horizontal,20560018
08/24/19 09:30:00 PM,08/24/19,10.85,0,1,horizontal,20560018
08/24/19 09:40:00 PM,08/24/19,10.81,0,1,horizontal,20560018
08/24/19 09:50:00 PM,08/24/19,10.77,0,1,horizontal,20560018
08/24/19 10:00:00 PM,08/24/19,10.81,0,16,horizontal,20560018
08/24/19 10:10:00 PM,08/24/19,10.85,0,16,horizontal,20560018
08/24/19 10:20:00 PM,08/24/19,10.81,0,16,horizontal,20560018
08/24/19 10:30:00 PM,08/24/19,10.81,0,16,horizontal,20560018
08/24/19 10:40:00 PM,08/24/19,10.81,0,16,horizontal,20560018
08/24/19 10:50:00 PM,08/24/19,10.77,0,16,horizontal,20560018
08/24/19 11:00:00 PM,08/24/19,10.77,0,0,horizontal,20560018
08/24/19 11:10:00 PM,08/24/19,10.77,0,0,horizontal,20560018
08/24/19 11:20:00 PM,08/24/19,10.81,0,0,horizontal,20560018
08/24/19 11:30:00 PM,08/24/19,10.85,0,0,horizontal,20560018
08/24/19 11:40:00 PM,08/24/19,10.77,0,0,horizontal,20560018
08/24/19 11:50:00 PM,08/24/19,10.85,0,0,horizontal,20560018
08/25/19 12:00:00 AM,08/25/19,10.85,0,0,horizontal,20560018
08/25/19 12:10:00 AM,08/25/19,10.81,0,0,horizontal,20560018
08/25/19 12:20:00 AM,08/25/19,10.85,0,0,horizontal,20560018
08/25/19 12:30:00 AM,08/25/19,10.81,0,0,horizontal,20560018
08/25/19 12:40:00 AM,08/25/19,10.81,0,0,horizontal,20560018
08/25/19 12:50:00 AM,08/25/19,10.85,0,0,horizontal,20560018
08/25/19 01:00:00 AM,08/25/19,10.85,0,34,horizontal,20560018
08/25/19 01:10:00 AM,08/25/19,10.81,0,34,horizontal,20560018
08/25/19 01:20:00 AM,08/25/19,10.81,0,34,horizontal,20560018
08/25/19 01:30:00 AM,08/25/19,10.85,0,34,horizontal,20560018
08/25/19 01:40:00 AM,08/25/19,10.85,0,34,horizontal,20560018
08/25/19 01:50:00 AM,08/25/19,10.85,0,34,horizontal,20560018
08/25/19 02:00:00 AM,08/25/19,10.85,0,0,horizontal,20560018
08/25/19 02:10:00 AM,08/25/19,10.85,0,0,horizontal,20560018
08/25/19 02:20:00 AM,08/25/19,10.85,0,0,horizontal,20560018
08/25/19 02:30:00 AM,08/25/19,10.85,0,0,horizontal,20560018
08/25/19 02:40:00 AM,08/25/19,10.85,0,0,horizontal,20560018
08/25/19 02:50:00 AM,08/25/19,10.85,0,0,horizontal,20560018
08/25/19 03:00:00 AM,08/25/19,10.85,0,2.7,horizontal,20560018
08/25/19 03:10:00 AM,08/25/19,10.89,0,2.7,horizontal,20560018
08/25/19 03:20:00 AM,08/25/19,10.85,0,2.7,horizontal,20560018
08/25/19 03:30:00 AM,08/25/19,10.85,0,2.7,horizontal,20560018
08/25/19 03:40:00 AM,08/25/19,10.85,0,2.7,horizontal,20560018
08/25/19 03:50:00 AM,08/25/19,10.85,0,2.7,horizontal,20560018
08/25/19 04:00:00 AM,08/25/19,10.85,0,3.9,horizontal,20560018
08/25/19 04:10:00 AM,08/25/19,10.85,0,3.9,horizontal,20560018
08/25/19 04:20:00 AM,08/25/19,10.85,0,3.9,horizontal,20560018
08/25/19 04:30:00 AM,08/25/19,10.85,0,3.9,horizontal,20560018
08/25/19 04:40:00 AM,08/25/19,10.85,0,3.9,horizontal,20560018
08/25/19 04:50:00 AM,08/25/19,10.85,0,3.9,horizontal,20560018
08/25/19 05:00:00 AM,08/25/19,10.81,0,1.8,horizontal,20560018
08/25/19 05:10:00 AM,08/25/19,10.85,0,1.8,horizontal,20560018
08/25/19 05:20:00 AM,08/25/19,10.85,0,1.8,horizontal,20560018
08/25/19 05:30:00 AM,08/25/19,10.89,0,1.8,horizontal,20560018
08/25/19 05:40:00 AM,08/25/19,10.85,0,1.8,horizontal,20560018
08/25/19 05:50:00 AM,08/25/19,10.89,0,1.8,horizontal,20560018
08/25/19 06:00:00 AM,08/25/19,10.85,0,1.5,horizontal,20560018
08/25/19 06:10:00 AM,08/25/19,10.89,0,1.5,horizontal,20560018
08/25/19 06:20:00 AM,08/25/19,10.89,0,1.5,horizontal,20560018
08/25/19 06:30:00 AM,08/25/19,10.81,0,1.5,horizontal,20560018
08/25/19 06:40:00 AM,08/25/19,10.85,0,1.5,horizontal,20560018
08/25/19 06:50:00 AM,08/25/19,10.81,0,1.5,horizontal,20560018
08/25/19 07:00:00 AM,08/25/19,10.85,0,1.5,horizontal,20560018
08/25/19 07:10:00 AM,08/25/19,10.85,0,1.5,horizontal,20560018
08/25/19 07:20:00 AM,08/25/19,10.81,0,1.5,horizontal,20560018
08/25/19 07:30:00 AM,08/25/19,10.85,0.88,1.5,horizontal,20560018
08/25/19 07:40:00 AM,08/25/19,10.85,8.17,1.5,horizontal,20560018
08/25/19 07:50:00 AM,08/25/19,10.81,59.64,1.5,horizontal,20560018
08/25/19 08:00:00 AM,08/25/19,10.81,196.32,0.9,horizontal,20560018
08/25/19 08:10:00 AM,08/25/19,10.81,417.28,0.9,horizontal,20560018
08/25/19 08:20:00 AM,08/25/19,10.81,672.64,0.9,horizontal,20560018
08/25/19 08:30:00 AM,08/25/19,10.85,977.92,0.9,horizontal,20560018
08/25/19 08:40:00 AM,08/25/19,10.85,1365.12,0.9,horizontal,20560018
08/25/19 08:50:00 AM,08/25/19,10.81,2014.08,0.9,horizontal,20560018
08/25/19 09:00:00 AM,08/25/19,10.81,2755.84,0.6,horizontal,20560018
08/25/19 09:10:00 AM,08/25/19,10.85,2996.48,0.6,horizontal,20560018
08/25/19 09:20:00 AM,08/25/19,10.85,3243.52,0.6,horizontal,20560018
08/25/19 09:30:00 AM,08/25/19,10.81,2650.88,0.6,horizontal,20560018
08/25/19 09:40:00 AM,08/25/19,10.89,4602.88,0.6,horizontal,20560018
08/25/19 09:50:00 AM,08/25/19,10.94,7802.88,0.6,horizontal,20560018
08/25/19 10:00:00 AM,08/25/19,10.98,7211.52,0.6,horizontal,20560018
08/25/19 10:10:00 AM,08/25/19,11.02,10823.68,0.6,horizontal,20560018
08/25/19 10:20:00 AM,08/25/19,11.02,10457.6,0.6,horizontal,20560018
08/25/19 10:30:00 AM,08/25/19,10.98,12600.32,0.6,horizontal,20560018
08/25/19 10:40:00 AM,08/25/19,10.98,8747.52,0.6,horizontal,20560018
08/25/19 10:50:00 AM,08/25/19,11.02,11719.68,0.6,horizontal,20560018
08/25/19 11:00:00 AM,08/25/19,11.07,11520,6,horizontal,20560018
08/25/19 11:10:00 AM,08/25/19,11.11,11857.92,6,horizontal,20560018
08/25/19 11:20:00 AM,08/25/19,11.11,14571.52,6,horizontal,20560018
08/25/19 11:30:00 AM,08/25/19,11.19,16563.2,6,horizontal,20560018
08/25/19 11:40:00 AM,08/25/19,11.19,13184,6,horizontal,20560018
08/25/19 11:50:00 AM,08/25/19,11.24,14484.48,6,horizontal,20560018
08/25/19 12:00:00 PM,08/25/19,11.28,18037.76,6,horizontal,20560018
08/25/19 12:10:00 PM,08/25/19,11.24,16768,3.9,horizontal,20560018
08/25/19 12:20:00 PM,08/25/19,11.28,16716.8,3.9,horizontal,20560018
08/25/19 12:30:00 PM,08/25/19,11.28,15016.96,3.9,horizontal,20560018
08/25/19 12:40:00 PM,08/25/19,11.19,13056,3.9,horizontal,20560018
08/25/19 12:50:00 PM,08/25/19,11.24,15272.96,3.9,horizontal,20560018
08/25/19 01:00:00 PM,08/25/19,11.24,14443.52,0.9,horizontal,20560018
08/25/19 01:10:00 PM,08/25/19,11.24,14627.84,0.9,horizontal,20560018
08/25/19 01:20:00 PM,08/25/19,11.24,13112.32,0.9,horizontal,20560018
08/25/19 01:30:00 PM,08/25/19,11.24,15759.36,0.9,horizontal,20560018
08/25/19 01:40:00 PM,08/25/19,11.28,13854.72,0.9,horizontal,20560018
08/25/19 01:50:00 PM,08/25/19,11.28,13941.76,0.9,horizontal,20560018
08/25/19 02:00:00 PM,08/25/19,11.24,13752.32,0,horizontal,20560018
08/25/19 02:10:00 PM,08/25/19,11.19,12830.72,0,horizontal,20560018
08/25/19 02:20:00 PM,08/25/19,11.24,11878.4,0,horizontal,20560018
08/25/19 02:30:00 PM,08/25/19,11.24,12866.56,0,horizontal,20560018
08/25/19 02:40:00 PM,08/25/19,11.24,12928,0,horizontal,20560018
08/25/19 02:50:00 PM,08/25/19,11.15,7380.48,0,horizontal,20560018
08/25/19 03:00:00 PM,08/25/19,11.11,5872.64,0,horizontal,20560018
08/25/19 03:10:00 PM,08/25/19,11.02,5281.28,0,horizontal,20560018
08/25/19 03:20:00 PM,08/25/19,11.02,5063.68,0,horizontal,20560018
08/25/19 03:30:00 PM,08/25/19,11.07,5480.96,0,horizontal,20560018
08/25/19 03:40:00 PM,08/25/19,11.07,5793.28,0,horizontal,20560018
08/25/19 03:50:00 PM,08/25/19,11.11,5964.8,0,horizontal,20560018
08/25/19 04:00:00 PM,08/25/19,11.15,7452.16,0,horizontal,20560018
08/25/19 04:10:00 PM,08/25/19,11.11,6131.2,0,horizontal,20560018
08/25/19 04:20:00 PM,08/25/19,11.07,4651.52,0,horizontal,20560018
08/25/19 04:30:00 PM,08/25/19,11.02,3792.64,0,horizontal,20560018
08/25/19 04:40:00 PM,08/25/19,11.11,4317.44,0,horizontal,20560018
08/25/19 04:50:00 PM,08/25/19,11.07,4249.6,0,horizontal,20560018
08/25/19 05:00:00 PM,08/25/19,11.07,4168.96,0.6,horizontal,20560018
08/25/19 05:10:00 PM,08/25/19,11.02,3302.4,0.6,horizontal,20560018
08/25/19 05:20:00 PM,08/25/19,11.07,3334.4,0.6,horizontal,20560018
08/25/19 05:30:00 PM,08/25/19,11.02,2686.72,0.6,horizontal,20560018
08/25/19 05:40:00 PM,08/25/19,11.02,2650.88,0.6,horizontal,20560018
08/25/19 05:50:00 PM,08/25/19,11.02,1641.6,0.6,horizontal,20560018
08/25/19 06:00:00 PM,08/25/19,11.02,1676.16,5.1,horizontal,20560018
08/25/19 06:10:00 PM,08/25/19,10.98,1104.96,5.1,horizontal,20560018
08/25/19 06:20:00 PM,08/25/19,11.02,600,5.1,horizontal,20560018
08/25/19 06:30:00 PM,08/25/19,11.02,414.56,5.1,horizontal,20560018
08/25/19 06:40:00 PM,08/25/19,11.02,220.96,5.1,horizontal,20560018
08/25/19 06:50:00 PM,08/25/19,11.02,73.78,5.1,horizontal,20560018
08/25/19 07:00:00 PM,08/25/19,10.98,14.11,3.6,horizontal,20560018
08/25/19 07:10:00 PM,08/25/19,11.02,1.76,3.6,horizontal,20560018
08/25/19 07:20:00 PM,08/25/19,10.98,0,3.6,horizontal,20560018
08/25/19 07:30:00 PM,08/25/19,11.02,0,3.6,horizontal,20560018
08/25/19 07:40:00 PM,08/25/19,11.02,0,3.6,horizontal,20560018
08/25/19 07:50:00 PM,08/25/19,11.02,0,3.6,horizontal,20560018
08/25/19 08:00:00 PM,08/25/19,10.98,0,4.2,horizontal,20560018
08/25/19 08:10:00 PM,08/25/19,10.98,0,4.2,horizontal,20560018
08/25/19 08:20:00 PM,08/25/19,11.02,0,4.2,horizontal,20560018
08/25/19 08:30:00 PM,08/25/19,11.02,0,4.2,horizontal,20560018
08/25/19 08:40:00 PM,08/25/19,11.02,0,4.2,horizontal,20560018
08/25/19 08:50:00 PM,08/25/19,10.98,0,4.2,horizontal,20560018
08/25/19 09:00:00 PM,08/25/19,11.02,0,1.2,horizontal,20560018
08/25/19 09:10:00 PM,08/25/19,11.02,0,1.2,horizontal,20560018
08/25/19 09:20:00 PM,08/25/19,10.98,0,1.2,horizontal,20560018
08/25/19 09:30:00 PM,08/25/19,10.98,0,1.2,horizontal,20560018
08/25/19 09:40:00 PM,08/25/19,11.02,0,1.2,horizontal,20560018
08/25/19 09:50:00 PM,08/25/19,10.98,0,1.2,horizontal,20560018
08/25/19 10:00:00 PM,08/25/19,10.94,0,0.9,horizontal,20560018