ISO 8601 Time,Temperature (C)
2021-10-14T23:36:09.000,24.6566
2021-10-14T23:46:09.000,26.9964
2021-10-14T23:56:09.000,24.8679
2021-10-15T00:06:09.000,24.2181
2021-10-15T00:16:09.000,23.7433
2021-10-15T00:26:09.000,23.4642
2021-10-15T00:36:09.000,23.2945
2021-10-15T00:46:09.000,23.1910
2021-10-15T00:56:09.000,23.1207
2021-10-15T01:06:09.000,23.0710
2021-10-15T01:16:09.000,23.0366
2021-10-15T01:26:09.000,23.0145
2021-10-15T01:36:09.000,22.9993
2021-10-15T01:46:09.000,22.9911
2021-10-15T01:56:09.000,22.9883
2021-10-15T02:06:09.000,22.9883
2021-10-15T02:16:09.000,22.9897
2021-10-15T02:26:09.000,22.9966
2021-10-15T02:36:09.000,23.0076
2021-10-15T02:46:09.000,23.0173
2021-10-15T02:56:09.000,23.0269
2021-10-15T03:06:09.000,23.0393
2021-10-15T03:16:09.000,23.0462
2021-10-15T03:26:09.000,23.0531
2021-10-15T03:36:09.000,23.0641
2021-10-15T03:46:09.000,23.0696
2021-10-15T03:56:09.000,23.0752
2021-10-15T04:06:09.000,23.0820
2021-10-15T04:16:09.000,23.0903
2021-10-15T04:26:09.000,23.0958
2021-10-15T04:36:09.000,23.1013
2021-10-15T04:46:09.000,23.1082
2021-10-15T04:56:09.000,23.1124
2021-10-15T05:06:09.000,23.1151
2021-10-15T05:16:09.000,23.1193
2021-10-15T05:26:09.000,23.1248
2021-10-15T05:36:09.000,23.1275
2021-10-15T05:46:09.000,23.1275
2021-10-15T05:56:09.000,23.1275
2021-10-15T06:06:09.000,23.1234
2021-10-15T06:16:09.000,23.1193
2021-10-15T06:26:09.000,23.1165
2021-10-15T06:36:09.000,23.1096
2021-10-15T06:46:09.000,23.1055
2021-10-15T06:56:09.000,23.1027
2021-10-15T07:06:09.000,23.1027
2021-10-15T07:16:09.000,23.1041
2021-10-15T07:26:09.000,23.1096
2021-10-15T07:36:09.000,23.1179
2021-10-15T07:46:09.000,23.1248
2021-10-15T07:56:09.000,23.1427
2021-10-15T08:06:09.000,23.1675
2021-10-15T08:16:09.000,23.1924
2021-10-15T08:26:09.000,23.1703
2021-10-15T08:36:09.000,21.8729
2021-10-15T08:46:09.000,20.2450
2021-10-15T08:56:09.000,19.0675
2021-10-15T09:06:09.000,18.8214
2021-10-15T09:16:09.000,19.8510
2021-10-15T09:26:09.000,20.3189
2021-10-15T09:36:09.000,20.7186
2021-10-15T09:46:09.000,22.4473
2021-10-15T09:56:09.000,24.3623
2021-10-15T10:06:09.000,23.9162
2021-10-15T10:16:09.000,22.5312
2021-10-15T10:26:09.000,21.1775
2021-10-15T10:36:09.000,20.4065
2021-10-15T10:46:09.000,20.2833
2021-10-15T10:56:09.000,19.9851
2021-10-15T11:06:09.000,19.2247
2021-10-15T11:16:09.000,21.4023
2021-10-15T11:26:09.000,13.0632
2021-10-15T11:36:09.000,11.8374
2021-10-15T11:46:09.000,11.7362
2021-10-15T11:56:09.000,11.7305
2021-10-15T12:06:09.000,11.7249
2021-10-15T12:16:09.000,11.7305
2021-10-15T12:26:09.000,11.7249
2021-10-15T12:36:09.000,11.7193
2021-10-15T12:46:09.000,11.7235
2021-10-15T12:56:09.000,11.7080
2021-10-15T13:06:09.000,11.6419
2021-10-15T13:16:09.000,11.5348
2021-10-15T13:26:09.000,11.5306
2021-10-15T13:36:09.000,11.5672
2021-10-15T13:46:09.000,11.5686
2021-10-15T13:56:09.000,11.6123
2021-10-15T14:06:09.000,11.6785
2021-10-15T14:16:09.000,11.7235
2021-10-15T14:26:09.000,11.7460
2021-10-15T14:36:09.000,11.7558
2021-10-15T14:46:09.000,11.7854
2021-10-15T14:56:09.000,11.8079
2021-10-15T15:06:09.000,11.8135
2021-10-15T15:16:09.000,11.8205
2021-10-15T15:26:09.000,11.8304
2021-10-15T15:36:09.000,11.8444
2021-10-15T15:46:09.000,11.8290
2021-10-15T15:56:09.000,11.7010
2021-10-15T16:06:09.000,11.6320
2021-10-15T16:16:09.000,11.5996
2021-10-15T16:26:09.000,11.6053
2021-10-15T16:36:09.000,11.5813
2021-10-15T16:46:09.000,11.5546
2021-10-15T16:56:09.000,11.5391
2021-10-15T17:06:09.000,11.5334
2021-10-15T17:16:09.000,11.5278
2021-10-15T17:26:09.000,11.5109
2021-10-15T17:36:09.000,11.5038
2021-10-15T17:46:09.000,11.4926
2021-10-15T17:56:09.000,11.4813
2021-10-15T18:06:09.000,11.4742
2021-10-15T18:16:09.000,11.4672
2021-10-15T18:26:09.000,11.4686
2021-10-15T18:36:09.000,11.4658
2021-10-15T18:46:09.000,11.4644
2021-10-15T18:56:09.000,11.4644
2021-10-15T19:06:09.000,11.4601
2021-10-15T19:16:09.000,11.4616
2021-10-15T19:26:09.000,11.4644
2021-10-15T19:36:09.000,11.4785
2021-10-15T19:46:09.000,11.4940
2021-10-15T19:56:09.000,11.5038
2021-10-15T20:06:09.000,11.5222
2021-10-15T20:16:09.000,11.6250
2021-10-15T20:26:09.000,11.6348
2021-10-15T20:36:09.000,11.6250
2021-10-15T20:46:09.000,11.6264
2021-10-15T20:56:09.000,11.6024
2021-10-15T21:06:09.000,11.6320
2021-10-15T21:16:09.000,11.7193
2021-10-15T21:26:09.000,11.6306
2021-10-15T21:36:09.000,11.7347
2021-10-15T21:46:09.000,11.7390
2021-10-15T21:56:09.000,11.7573
2021-10-15T22:06:09.000,11.8458
2021-10-15T22:16:09.000,11.8585
2021-10-15T22:26:09.000,11.8824
2021-10-15T22:36:09.000,11.8838
2021-10-15T22:46:09.000,11.8781
2021-10-15T22:56:09.000,11.8796
2021-10-15T23:06:09.000,11.8725
2021-10-15T23:16:09.000,11.8753
2021-10-15T23:26:09.000,11.8781
2021-10-15T23:36:09.000,11.8697
2021-10-15T23:46:09.000,11.8613
2021-10-15T23:56:09.000,11.8571
2021-10-16T00:06:09.000,11.8402
2021-10-16T00:16:09.000,11.8149
2021-10-16T00:26:09.000,11.8022
2021-10-16T00:36:09.000,11.7924
2021-10-16T00:46:09.000,11.7699
2021-10-16T00:56:09.000,11.7474
2021-10-16T01:06:09.000,11.7277
2021-10-16T01:16:09.000,11.7108
2021-10-16T01:26:09.000,11.6785
2021-10-16T01:36:09.000,11.6222
2021-10-16T01:46:09.000,11.5560
2021-10-16T01:56:09.000,11.5391
2021-10-16T02:06:09.000,11.5334
2021-10-16T02:16:09.000,11.5292
2021-10-16T02:26:09.000,11.5320
2021-10-16T02:36:09.000,11.5292
2021-10-16T02:46:09.000,11.5222
2021-10-16T02:56:09.000,11.5250
2021-10-16T03:06:09.000,11.5292
2021-10-16T03:16:09.000,11.5391
2021-10-16T03:26:09.000,11.5517
2021-10-16T03:36:09.000,11.5503
2021-10-16T03:46:09.000,11.5419
2021-10-16T03:56:09.000,11.5602
2021-10-16T04:06:09.000,11.6419
2021-10-16T04:16:09.000,11.7024
2021-10-16T04:26:09.000,11.6658
2021-10-16T04:36:09.000,11.7544
2021-10-16T04:46:09.000,11.7615
2021-10-16T04:56:09.000,11.6813
2021-10-16T05:06:09.000,11.6658
2021-10-16T05:16:09.000,11.6630
2021-10-16T05:26:09.000,11.6672
2021-10-16T05:36:09.000,11.6672
2021-10-16T05:46:09.000,11.6559
2021-10-16T05:56:09.000,11.6348
2021-10-16T06:06:09.000,11.6179
2021-10-16T06:16:09.000,11.6095
2021-10-16T06:26:09.000,11.5926
2021-10-16T06:36:09.000,11.5855
2021-10-16T06:46:09.000,11.5841
2021-10-16T06:56:09.000,11.5827
2021-10-16T07:06:09.000,11.5743
2021-10-16T07:16:09.000,11.5616
2021-10-16T07:26:09.000,11.5517
2021-10-16T07:36:09.000,11.5419
2021-10-16T07:46:09.000,11.5320
2021-10-16T07:56:09.000,11.5193
2021-10-16T08:06:09.000,11.5109
2021-10-16T08:16:09.000,11.5038
2021-10-16T08:26:09.000,11.5038
2021-10-16T08:36:09.000,11.5038
2021-10-16T08:46:09.000,11.5095
2021-10-16T08:56:09.000,11.5250
2021-10-16T09:06:09.000,11.5278
2021-10-16T09:16:09.000,11.5616
2021-10-16T09:26:09.000,11.5785
2021-10-16T09:36:09.000,11.5884
2021-10-16T09:46:09.000,11.5926
2021-10-16T09:56:09.000,11.5926
2021-10-16T10:06:09.000,11.5996
2021-10-16T10:16:09.000,11.6208
2021-10-16T10:26:09.000,11.6348
2021-10-16T10:36:09.000,11.6461
2021-10-16T10:46:09.000,11.6658
2021-10-16T10:56:09.000,11.6785
2021-10-16T11:06:09.000,11.7038
2021-10-16T11:16:09.000,11.7179
2021-10-16T11:26:09.000,11.7418
2021-10-16T11:36:09.000,11.6982
2021-10-16T11:46:09.000,11.6925
2021-10-16T11:56:09.000,11.7516
2021-10-16T12:06:09.000,11.8065
2021-10-16T12:16:09.000,11.7994
2021-10-16T12:26:09.000,11.7840
2021-10-16T12:36:09.000,11.7221
2021-10-16T12:46:09.000,11.6897
2021-10-16T12:56:09.000,11.6714
2021-10-16T13:06:09.000,11.6644
2021-10-16T13:16:09.000,11.6588
2021-10-16T13:26:09.000,11.6545
2021-10-16T13:36:09.000,11.6517
2021-10-16T13:46:09.000,11.6996
2021-10-16T13:56:09.000,11.7165
2021-10-16T14:06:09.000,11.6954
2021-10-16T14:16:09.000,11.6771
2021-10-16T14:26:09.000,11.6771
2021-10-16T14:36:09.000,11.7024
2021-10-16T14:46:09.000,11.7136
2021-10-16T14:56:09.000,11.7165
2021-10-16T15:06:09.000,11.6714
2021-10-16T15:16:09.000,11.6559
2021-10-16T15:26:09.000,11.6433
2021-10-16T15:36:09.000,11.6137
2021-10-16T15:46:09.000,11.6010
2021-10-16T15:56:09.000,11.6728
2021-10-16T16:06:09.000,11.6616
2021-10-16T16:16:09.000,11.6348
2021-10-16T16:26:09.000,11.6109
2021-10-16T16:36:09.000,11.6109
2021-10-16T16:46:09.000,11.6095
2021-10-16T16:56:09.000,11.6236
2021-10-16T17:06:09.000,11.5926
2021-10-16T17:16:09.000,11.5644
2021-10-16T17:26:09.000,11.5954
2021-10-16T17:36:09.000,11.5855
2021-10-16T17:46:09.000,11.5517
2021-10-16T17:56:09.000,11.5644
2021-10-16T18:06:09.000,11.5278
2021-10-16T18:16:09.000,11.5207
2021-10-16T18:26:09.000,11.5264
2021-10-16T18:36:09.000,11.5250
2021-10-16T18:46:09.000,11.5137
2021-10-16T18:56:09.000,11.4883
2021-10-16T19:06:09.000,11.4799
2021-10-16T19:16:09.000,11.4869
2021-10-16T19:26:09.000,11.4940
2021-10-16T19:36:09.000,11.4954
2021-10-16T19:46:09.000,11.4841
2021-10-16T19:56:09.000,11.5052
2021-10-16T20:06:09.000,11.5433
2021-10-16T20:16:09.000,11.5630
2021-10-16T20:26:09.000,11.5419
2021-10-16T20:36:09.000,11.5517
2021-10-16T20:46:09.000,11.6010
2021-10-16T20:56:09.000,11.5954
2021-10-16T21:06:09.000,11.5954
2021-10-16T21:16:09.000,11.5813
2021-10-16T21:26:09.000,11.6010
2021-10-16T21:36:09.000,11.6095
2021-10-16T21:46:09.000,11.6010
2021-10-16T21:56:09.000,11.6067
2021-10-16T22:06:09.000,11.6039
2021-10-16T22:16:09.000,11.6109
2021-10-16T22:26:09.000,11.6067
2021-10-16T22:36:09.000,11.5996
2021-10-16T22:46:09.000,11.6010
2021-10-16T22:56:09.000,11.5996
2021-10-16T23:06:09.000,11.5982
2021-10-16T23:16:09.000,11.5912
2021-10-16T23:26:09.000,11.5813
2021-10-16T23:36:09.000,11.6039
2021-10-16T23:46:09.000,11.5602
2021-10-16T23:56:09.000,11.5630
2021-10-17T00:06:09.000,11.5489
2021-10-17T00:16:09.000,11.5489
2021-10-17T00:26:09.000,11.5433
2021-10-17T00:36:09.000,11.5433
2021-10-17T00:46:09.000,11.5405
2021-10-17T00:56:09.000,11.5348
2021-10-17T01:06:09.000,11.5278
2021-10-17T01:16:09.000,11.5193
2021-10-17T01:26:09.000,11.5137
2021-10-17T01:36:09.000,11.5179
2021-10-17T01:46:09.000,11.5179
2021-10-17T01:56:09.000,11.5052
2021-10-17T02:06:09.000,11.5024
2021-10-17T02:16:09.000,11.4996
2021-10-17T02:26:09.000,11.5207
2021-10-17T02:36:09.000,11.5461
2021-10-17T02:46:09.000,11.5447
2021-10-17T02:56:09.000,11.5348
2021-10-17T03:06:09.000,11.5546
2021-10-17T03:16:09.000,11.5686
2021-10-17T03:26:09.000,11.5658
2021-10-17T03:36:09.000,11.6236
2021-10-17T03:46:09.000,11.6531
2021-10-17T03:56:09.000,11.6630
2021-10-17T04:06:09.000,11.6700
2021-10-17T04:16:09.000,11.6658
2021-10-17T04:26:09.000,11.6728
2021-10-17T04:36:09.000,11.6728
2021-10-17T04:46:09.000,11.6714
2021-10-17T04:56:09.000,11.6644
2021-10-17T05:06:09.000,11.6517
2021-10-17T05:16:09.000,11.6165
2021-10-17T05:26:09.000,11.6236
2021-10-17T05:36:09.000,11.6391
2021-10-17T05:46:09.000,11.6574
2021-10-17T05:56:09.000,11.6644
2021-10-17T06:06:09.000,11.6686
2021-10-17T06:16:09.000,11.6700
2021-10-17T06:26:09.000,11.6742
2021-10-17T06:36:09.000,11.6757
2021-10-17T06:46:09.000,11.6827
2021-10-17T06:56:09.000,11.6925
2021-10-17T07:06:09.000,11.6982
2021-10-17T07:16:09.000,11.7136
2021-10-17T07:26:09.000,11.7207
2021-10-17T07:36:09.000,11.7362
2021-10-17T07:46:09.000,11.7474
2021-10-17T07:56:09.000,11.7587
2021-10-17T08:06:09.000,11.7601
2021-10-17T08:16:09.000,11.7530
2021-10-17T08:26:09.000,11.7558
2021-10-17T08:36:09.000,11.7601
2021-10-17T08:46:09.000,11.7657
2021-10-17T08:56:09.000,11.7601
2021-10-17T09:06:09.000,11.7530
2021-10-17T09:16:09.000,11.7390
2021-10-17T09:26:09.000,11.7277
2021-10-17T09:36:09.000,11.7207
2021-10-17T09:46:09.000,11.6686
2021-10-17T09:56:09.000,11.6250
2021-10-17T10:06:09.000,11.6391
2021-10-17T10:16:09.000,11.6517
2021-10-17T10:26:09.000,11.6630
2021-10-17T10:36:09.000,11.6672
2021-10-17T10:46:09.000,11.6686
2021-10-17T10:56:09.000,11.6714
2021-10-17T11:06:09.000,11.6714
2021-10-17T11:16:09.000,11.6545
2021-10-17T11:26:09.000,11.6095
2021-10-17T11:36:09.000,11.5855
2021-10-17T11:46:09.000,11.5884
2021-10-17T11:56:09.000,11.5954
2021-10-17T12:06:09.000,11.6039
2021-10-17T12:16:09.000,11.6165
2021-10-17T12:26:09.000,11.6306
2021-10-17T12:36:09.000,11.6475
2021-10-17T12:46:09.000,11.6644
2021-10-17T12:56:09.000,11.6925
2021-10-17T13:06:09.000,11.6939
2021-10-17T13:16:09.000,11.6827
2021-10-17T13:26:09.000,11.6700
2021-10-17T13:36:09.000,11.6559
2021-10-17T13:46:09.000,11.6433
2021-10-17T13:56:09.000,11.6419
2021-10-17T14:06:09.000,11.7052
2021-10-17T14:16:09.000,11.6461
2021-10-17T14:26:09.000,11.6362
2021-10-17T14:36:09.000,11.6292
2021-10-17T14:46:09.000,11.6306
2021-10-17T14:56:09.000,11.6320
2021-10-17T15:06:09.000,11.6320
2021-10-17T15:16:09.000,11.6334
2021-10-17T15:26:09.000,11.6348
2021-10-17T15:36:09.000,11.6362
2021-10-17T15:46:09.000,11.6419
2021-10-17T15:56:09.000,11.6503
2021-10-17T16:06:09.000,11.6489
2021-10-17T16:16:09.000,11.6517
2021-10-17T16:26:09.000,11.6517
2021-10-17T16:36:09.000,11.6503
2021-10-17T16:46:09.000,11.6503
2021-10-17T16:56:09.000,11.6588
2021-10-17T17:06:09.000,11.6588
2021-10-17T17:16:09.000,11.6686
2021-10-17T17:26:09.000,11.6686
2021-10-17T17:36:09.000,11.6757
2021-10-17T17:46:09.000,11.6700
2021-10-17T17:56:09.000,11.6813
2021-10-17T18:06:09.000,11.7333
2021-10-17T18:16:09.000,11.7235
2021-10-17T18:26:09.000,11.7235
2021-10-17T18:36:09.000,11.7249
2021-10-17T18:46:09.000,11.8051
2021-10-17T18:56:09.000,11.8514
2021-10-17T19:06:09.000,11.8711
2021-10-17T19:16:09.000,11.8824
2021-10-17T19:26:09.000,11.9020
2021-10-17T19:36:09.000,11.9147
2021-10-17T19:46:09.000,11.8796
2021-10-17T19:56:09.000,11.8500
2021-10-17T20:06:09.000,11.7657
2021-10-17T20:16:09.000,11.7432
2021-10-17T20:26:09.000,11.7151
2021-10-17T20:36:09.000,11.6939
2021-10-17T20:46:09.000,11.7066
2021-10-17T20:56:09.000,11.6996
2021-10-17T21:06:09.000,11.6827
2021-10-17T21:16:09.000,11.6813
2021-10-17T21:26:09.000,11.7432
2021-10-17T21:36:09.000,12.0453
2021-10-17T21:46:09.000,12.1463
2021-10-17T21:56:09.000,12.1491
2021-10-17T22:06:09.000,12.1477
2021-10-17T22:16:09.000,12.1420
2021-10-17T22:26:09.000,12.1364
2021-10-17T22:36:09.000,12.1294
2021-10-17T22:46:09.000,12.1182
2021-10-17T22:56:09.000,12.1224
2021-10-17T23:06:09.000,12.1224
2021-10-17T23:16:09.000,12.1168
2021-10-17T23:26:09.000,12.1056
2021-10-17T23:36:09.000,12.1014
2021-10-17T23:46:09.000,12.1042
2021-10-17T23:56:09.000,12.0972
2021-10-18T00:06:09.000,12.0930
2021-10-18T00:16:09.000,12.0803
2021-10-18T00:26:09.000,12.0663
2021-10-18T00:36:09.000,12.0495
2021-10-18T00:46:09.000,12.0396
2021-10-18T00:56:09.000,12.0228
2021-10-18T01:06:09.000,12.0074
2021-10-18T01:16:09.000,11.9975
2021-10-18T01:26:09.000,11.9947
2021-10-18T01:36:09.000,11.9905
2021-10-18T01:46:09.000,11.9849
2021-10-18T01:56:09.000,11.9849
2021-10-18T02:06:09.000,11.9723
2021-10-18T02:16:09.000,11.9709
2021-10-18T02:26:09.000,11.9666
2021-10-18T02:36:09.000,11.9666
2021-10-18T02:46:09.000,11.9638
2021-10-18T02:56:09.000,11.9652
2021-10-18T03:06:09.000,11.9709
2021-10-18T03:16:09.000,11.9723
2021-10-18T03:26:09.000,11.9737
2021-10-18T03:36:09.000,11.9765
2021-10-18T03:46:09.000,11.9793
2021-10-18T03:56:09.000,11.9793
2021-10-18T04:06:09.000,11.9765
2021-10-18T04:16:09.000,11.9821
2021-10-18T04:26:09.000,11.9751
2021-10-18T04:36:09.000,11.9709
2021-10-18T04:46:09.000,11.9652
2021-10-18T04:56:09.000,11.9624
2021-10-18T05:06:09.000,11.9512
2021-10-18T05:16:09.000,11.9357
2021-10-18T05:26:09.000,11.9161
2021-10-18T05:36:09.000,11.9133
2021-10-18T05:46:09.000,11.9133
2021-10-18T05:56:09.000,11.9231
2021-10-18T06:06:09.000,11.9329
2021-10-18T06:16:09.000,11.9442
2021-10-18T06:26:09.000,11.9596
2021-10-18T06:36:09.000,11.9610
2021-10-18T06:46:09.000,11.9568
2021-10-18T06:56:09.000,11.9512
2021-10-18T07:06:09.000,11.9540
2021-10-18T07:16:09.000,11.9456
2021-10-18T07:26:09.000,11.9456
2021-10-18T07:36:09.000,11.9470
2021-10-18T07:46:09.000,11.9484
2021-10-18T07:56:09.000,11.9498
2021-10-18T08:06:09.000,11.9498
2021-10-18T08:16:09.000,11.9540
2021-10-18T08:26:09.000,11.9540
2021-10-18T08:36:09.000,11.9498
2021-10-18T08:46:09.000,11.9470
2021-10-18T08:56:09.000,11.9456
2021-10-18T09:06:09.000,11.9343
2021-10-18T09:16:09.000,11.9273
2021-10-18T09:26:09.000,11.9245
2021-10-18T09:36:09.000,11.9189
2021-10-18T09:46:09.000,11.9161
2021-10-18T09:56:09.000,11.9217
2021-10-18T10:06:09.000,11.9161
2021-10-18T10:16:09.000,11.9175
2021-10-18T10:26:09.000,11.9231
2021-10-18T10:36:09.000,11.9315
2021-10-18T10:46:09.000,11.9343
2021-10-18T10:56:09.000,11.9386
2021-10-18T11:06:09.000,11.9512
2021-10-18T11:16:09.000,11.9442
2021-10-18T11:26:09.000,11.9372
2021-10-18T11:36:09.000,11.9315
2021-10-18T11:46:09.000,11.9189
2021-10-18T11:56:09.000,11.9077
2021-10-18T12:06:09.000,11.9062
2021-10-18T12:16:09.000,11.9189
2021-10-18T12:26:09.000,11.9301
2021-10-18T12:36:09.000,11.9484
2021-10-18T12:46:09.000,11.9526
2021-10-18T12:56:09.000,11.9582
2021-10-18T13:06:09.000,11.9694
2021-10-18T13:16:09.000,11.9835
2021-10-18T13:26:09.000,12.0102
2021-10-18T13:36:09.000,12.0873
2021-10-18T13:46:09.000,12.1785
2021-10-18T13:56:09.000,12.1771
2021-10-18T14:06:09.000,12.1799
2021-10-18T14:16:09.000,12.1925
2021-10-18T14:26:09.000,12.1799
2021-10-18T14:36:09.000,12.1533
2021-10-18T14:46:09.000,12.1014
2021-10-18T14:56:09.000,12.0354
2021-10-18T15:06:09.000,12.0172
2021-10-18T15:16:09.000,12.0116
2021-10-18T15:26:09.000,12.0116
2021-10-18T15:36:09.000,12.0003
2021-10-18T15:46:09.000,11.9891
2021-10-18T15:56:09.000,11.9343
2021-10-18T16:06:09.000,11.8950
2021-10-18T16:16:09.000,11.8781
2021-10-18T16:26:09.000,11.8669
2021-10-18T16:36:09.000,11.8571
2021-10-18T16:46:09.000,11.8557
2021-10-18T16:56:09.000,11.8557
2021-10-18T17:06:09.000,11.8585
2021-10-18T17:16:09.000,11.8655
2021-10-18T17:26:09.000,11.8697
2021-10-18T17:36:09.000,11.8697
2021-10-18T17:46:09.000,11.8739
2021-10-18T17:56:09.000,11.8796
2021-10-18T18:06:09.000,11.8739
2021-10-18T18:16:09.000,11.8781
2021-10-18T18:26:09.000,11.8781
2021-10-18T18:36:09.000,11.8781
2021-10-18T18:46:09.000,11.8261
2021-10-18T18:56:09.000,11.8261
2021-10-18T19:06:09.000,11.7657
2021-10-18T19:16:09.000,11.8261
2021-10-18T19:26:09.000,11.8205
2021-10-18T19:36:09.000,11.8191
2021-10-18T19:46:09.000,11.8121
2021-10-18T19:56:09.000,11.8444
2021-10-18T20:06:09.000,11.8346
2021-10-18T20:16:09.000,11.8444
2021-10-18T20:26:09.000,11.8500
2021-10-18T20:36:09.000,11.8739
2021-10-18T20:46:09.000,11.8711
2021-10-18T20:56:09.000,11.8796
2021-10-18T21:06:09.000,11.8655
2021-10-18T21:16:09.000,11.8753
2021-10-18T21:26:09.000,11.8838
2021-10-18T21:36:09.000,11.8950
2021-10-18T21:46:09.000,11.8894
2021-10-18T21:56:09.000,11.8824
2021-10-18T22:06:09.000,11.8950
2021-10-18T22:16:09.000,11.8880
2021-10-18T22:26:09.000,11.8880
2021-10-18T22:36:09.000,11.8725
2021-10-18T22:46:09.000,11.9062
2021-10-18T22:56:09.000,11.8950
2021-10-18T23:06:09.000,11.9133
2021-10-18T23:16:09.000,11.9175
2021-10-18T23:26:09.000,11.9175
2021-10-18T23:36:09.000,11.9062
2021-10-18T23:46:09.000,11.8992
2021-10-18T23:56:09.000,11.9231
2021-10-19T00:06:09.000,11.9189
2021-10-19T00:16:09.000,11.9484
2021-10-19T00:26:09.000,11.9975
2021-10-19T00:36:09.000,11.9947
2021-10-19T00:46:09.000,12.0074
2021-10-19T00:56:09.000,12.0017
2021-10-19T01:06:09.000,12.0186
2021-10-19T01:16:09.000,12.0326
2021-10-19T01:26:09.000,12.0298
2021-10-19T01:36:09.000,12.0396
2021-10-19T01:46:09.000,11.9779
2021-10-19T01:56:09.000,12.0354
2021-10-19T02:06:09.000,12.0298
2021-10-19T02:16:09.000,11.9947
2021-10-19T02:26:09.000,11.9793
2021-10-19T02:36:09.000,11.9751
2021-10-19T02:46:09.000,11.9863
2021-10-19T02:56:09.000,11.9624
2021-10-19T03:06:09.000,11.9456
2021-10-19T03:16:09.000,11.9343
2021-10-19T03:26:09.000,11.8908
2021-10-19T03:36:09.000,11.8753
2021-10-19T03:46:09.000,11.8641
2021-10-19T03:56:09.000,11.8529
2021-10-19T04:06:09.000,11.8472
2021-10-19T04:16:09.000,11.8290
2021-10-19T04:26:09.000,11.8304
2021-10-19T04:36:09.000,11.8332
2021-10-19T04:46:09.000,11.8711
2021-10-19T04:56:09.000,11.8627
2021-10-19T05:06:09.000,11.8472
2021-10-19T05:16:09.000,11.7812
2021-10-19T05:26:09.000,11.7263
2021-10-19T05:36:09.000,11.7108
2021-10-19T05:46:09.000,11.7122
2021-10-19T05:56:09.000,11.7136
2021-10-19T06:06:09.000,11.7249
2021-10-19T06:16:09.000,11.7291
2021-10-19T06:26:09.000,11.7432
2021-10-19T06:36:09.000,11.7573
2021-10-19T06:46:09.000,11.7896
2021-10-19T06:56:09.000,11.8065
2021-10-19T07:06:09.000,11.8219
2021-10-19T07:16:09.000,11.8374
2021-10-19T07:26:09.000,11.8374
2021-10-19T07:36:09.000,11.8388
2021-10-19T07:46:09.000,11.8444
2021-10-19T07:56:09.000,11.8318
2021-10-19T08:06:09.000,11.8416
2021-10-19T08:16:09.000,11.8318
2021-10-19T08:26:09.000,11.8416
2021-10-19T08:36:09.000,11.8500
2021-10-19T08:46:09.000,11.8613
2021-10-19T08:56:09.000,11.9189
2021-10-19T09:06:09.000,12.0368
2021-10-19T09:16:09.000,12.1014
2021-10-19T09:26:09.000,12.1378
2021-10-19T09:36:09.000,12.1308
2021-10-19T09:46:09.000,12.1308
2021-10-19T09:56:09.000,12.1280
2021-10-19T10:06:09.000,12.1364
2021-10-19T10:16:09.000,12.1463
2021-10-19T10:26:09.000,12.1392
2021-10-19T10:36:09.000,12.1547
2021-10-19T10:46:09.000,12.1771
2021-10-19T10:56:09.000,12.1911
2021-10-19T11:06:09.000,12.2037
2021-10-19T11:16:09.000,12.2164
2021-10-19T11:26:09.000,12.2248
2021-10-19T11:36:09.000,12.2290
2021-10-19T11:46:09.000,12.2290
2021-10-19T11:56:09.000,12.2332
2021-10-19T12:06:09.000,12.2430
2021-10-19T12:16:09.000,12.2472
2021-10-19T12:26:09.000,12.2514
2021-10-19T12:36:09.000,12.2430
2021-10-19T12:46:09.000,12.2738
2021-10-19T12:56:09.000,12.2948
2021-10-19T13:06:09.000,12.3396
2021-10-19T13:16:09.000,12.4096
2021-10-19T13:26:09.000,12.4376
2021-10-19T13:36:09.000,12.4390
2021-10-19T13:46:09.000,12.4278
2021-10-19T13:56:09.000,12.4068
2021-10-19T14:06:09.000,12.3942
2021-10-19T14:16:09.000,12.3718
2021-10-19T14:26:09.000,12.3452
2021-10-19T14:36:09.000,12.2850
2021-10-19T14:46:09.000,12.2388
2021-10-19T14:56:09.000,12.1378
2021-10-19T15:06:09.000,12.0438
2021-10-19T15:16:09.000,11.9723
2021-10-19T15:26:09.000,11.8796
2021-10-19T15:36:09.000,11.8360
2021-10-19T15:46:09.000,11.8205
2021-10-19T15:56:09.000,11.7882
2021-10-19T16:06:09.000,11.7769
2021-10-19T16:16:09.000,11.7657
2021-10-19T16:26:09.000,11.7629
2021-10-19T16:36:09.000,11.7755
2021-10-19T16:46:09.000,11.7882
2021-10-19T16:56:09.000,11.7868
2021-10-19T17:06:09.000,11.7713
2021-10-19T17:16:09.000,11.7601
2021-10-19T17:26:09.000,11.7530
2021-10-19T17:36:09.000,11.7713
2021-10-19T17:46:09.000,11.8290
2021-10-19T17:56:09.000,11.8669
2021-10-19T18:06:09.000,11.8739
2021-10-19T18:16:09.000,11.8669
2021-10-19T18:26:09.000,11.8810
2021-10-19T18:36:09.000,11.8781
2021-10-19T18:46:09.000,11.8866
2021-10-19T18:56:09.000,11.8964
2021-10-19T19:06:09.000,11.9020
2021-10-19T19:16:09.000,11.9175
2021-10-19T19:26:09.000,11.9315
2021-10-19T19:36:09.000,11.9315
2021-10-19T19:46:09.000,11.9456
2021-10-19T19:56:09.000,11.8964
2021-10-19T20:06:09.000,11.9175
2021-10-19T20:16:09.000,11.9666
2021-10-19T20:26:09.000,11.9849
2021-10-19T20:36:09.000,11.9877
2021-10-19T20:46:09.000,11.9961
2021-10-19T20:56:09.000,12.0144
2021-10-19T21:06:09.000,12.1378
2021-10-19T21:16:09.000,12.2486
2021-10-19T21:26:09.000,12.3004
2021-10-19T21:36:09.000,12.3102
2021-10-19T21:46:09.000,12.3368
2021-10-19T21:56:09.000,12.2416
2021-10-19T22:06:09.000,12.1420
2021-10-19T22:16:09.000,12.0789
2021-10-19T22:26:09.000,12.1056
2021-10-19T22:36:09.000,12.1168
2021-10-19T22:46:09.000,12.0537
2021-10-19T22:56:09.000,12.0045
2021-10-19T23:06:09.000,11.9919
2021-10-19T23:16:09.000,11.9807
2021-10-19T23:26:09.000,11.9779
2021-10-19T23:36:09.000,11.9737
2021-10-19T23:46:09.000,11.9680
2021-10-19T23:56:09.000,11.9709
2021-10-20T00:06:09.000,11.9877
2021-10-20T00:16:09.000,11.9737
2021-10-20T00:26:09.000,11.9807
2021-10-20T00:36:09.000,12.0017
2021-10-20T00:46:09.000,11.9989
2021-10-20T00:56:09.000,12.0060
2021-10-20T01:06:09.000,12.0200
2021-10-20T01:16:09.000,12.3088
2021-10-20T01:26:09.000,12.3550
2021-10-20T01:36:09.000,12.5383
2021-10-20T01:46:09.000,12.4292
2021-10-20T01:56:09.000,12.0509
2021-10-20T02:06:09.000,12.3914
2021-10-20T02:16:09.000,12.2332
2021-10-20T02:26:09.000,12.1855
2021-10-20T02:36:09.000,12.3256
2021-10-20T02:46:09.000,12.2178
2021-10-20T02:56:09.000,12.1575
2021-10-20T03:06:09.000,12.1000
2021-10-20T03:16:09.000,12.0410
2021-10-20T03:26:09.000,12.0088
2021-10-20T03:36:09.000,11.9835
2021-10-20T03:46:09.000,11.9512
2021-10-20T03:56:09.000,11.8950
2021-10-20T04:06:09.000,11.8543
2021-10-20T04:16:09.000,11.8332
2021-10-20T04:26:09.000,11.8135
2021-10-20T04:36:09.000,11.7994
2021-10-20T04:46:09.000,11.7741
2021-10-20T04:56:09.000,11.7362
2021-10-20T05:06:09.000,11.7108
2021-10-20T05:16:09.000,11.6939
2021-10-20T05:26:09.000,11.6911
2021-10-20T05:36:09.000,11.6939
2021-10-20T05:46:09.000,11.6996
2021-10-20T05:56:09.000,11.7291
2021-10-20T06:06:09.000,11.7432
2021-10-20T06:16:09.000,11.7474
2021-10-20T06:26:09.000,11.7558
2021-10-20T06:36:09.000,11.7601
2021-10-20T06:46:09.000,11.7727
2021-10-20T06:56:09.000,11.7826
2021-10-20T07:06:09.000,11.7882
2021-10-20T07:16:09.000,11.8093
2021-10-20T07:26:09.000,11.7868
2021-10-20T07:36:09.000,11.7741
2021-10-20T07:46:09.000,11.7671
2021-10-20T07:56:09.000,11.7615
2021-10-20T08:06:09.000,11.7558
2021-10-20T08:16:09.000,11.7755
2021-10-20T08:26:09.000,11.8261
2021-10-20T08:36:09.000,11.9203
2021-10-20T08:46:09.000,11.9287
2021-10-20T08:56:09.000,11.9807
2021-10-20T09:06:09.000,12.0410
2021-10-20T09:16:09.000,12.0424
2021-10-20T09:26:09.000,12.0158
2021-10-20T09:36:09.000,12.0340
2021-10-20T09:46:09.000,12.0481
2021-10-20T09:56:09.000,12.0733
2021-10-20T10:06:09.000,12.0747
2021-10-20T10:16:09.000,12.0733
2021-10-20T10:26:09.000,12.0761
2021-10-20T10:36:09.000,12.0845
2021-10-20T10:46:09.000,12.1056
2021-10-20T10:56:09.000,12.1014
2021-10-20T11:06:09.000,12.1238
2021-10-20T11:16:09.000,12.1575
2021-10-20T11:26:09.000,12.1869
2021-10-20T11:36:09.000,12.2542
2021-10-20T11:46:09.000,12.2920
2021-10-20T11:56:09.000,12.3074
2021-10-20T12:06:09.000,12.3102
2021-10-20T12:16:09.000,12.3130
2021-10-20T12:26:09.000,12.3172
2021-10-20T12:36:09.000,12.3172
2021-10-20T12:46:09.000,12.3200
2021-10-20T12:56:09.000,12.3326
2021-10-20T13:06:09.000,12.3200
2021-10-20T13:16:09.000,12.4390
2021-10-20T13:26:09.000,12.4754
2021-10-20T13:36:09.000,12.4656
2021-10-20T13:46:09.000,12.4950
2021-10-20T13:56:09.000,12.4992
2021-10-20T14:06:09.000,12.5048
2021-10-20T14:16:09.000,12.4418
2021-10-20T14:26:09.000,12.4488
2021-10-20T14:36:09.000,12.4838
2021-10-20T14:46:09.000,12.4390
2021-10-20T14:56:09.000,12.3858
2021-10-20T15:06:09.000,12.3466
2021-10-20T15:16:09.000,12.3312
2021-10-20T15:26:09.000,12.3298
2021-10-20T15:36:09.000,12.4502
2021-10-20T15:46:09.000,12.3368
2021-10-20T15:56:09.000,12.3172
2021-10-20T16:06:09.000,12.3088
2021-10-20T16:16:09.000,12.3116
2021-10-20T16:26:09.000,12.3186
2021-10-20T16:36:09.000,12.3256
2021-10-20T16:46:09.000,12.3634
2021-10-20T16:56:09.000,12.3816
2021-10-20T17:06:09.000,12.3676
2021-10-20T17:16:09.000,12.3606
2021-10-20T17:26:09.000,12.3508
2021-10-20T17:36:09.000,12.3354
2021-10-20T17:46:09.000,12.3144
2021-10-20T17:56:09.000,12.2710
2021-10-20T18:06:09.000,12.2598
2021-10-20T18:16:09.000,12.2472
2021-10-20T18:26:09.000,12.2220
2021-10-20T18:36:09.000,12.2107
2021-10-20T18:46:09.000,12.2079
2021-10-20T18:56:09.000,12.1995
2021-10-20T19:06:09.000,12.1897
2021-10-20T19:16:09.000,12.1687
2021-10-20T19:26:09.000,12.1449
2021-10-20T19:36:09.000,12.1322
2021-10-20T19:46:09.000,12.1280
2021-10-20T19:56:09.000,12.1238
2021-10-20T20:06:09.000,12.3382
2021-10-20T20:16:09.000,12.4250
2021-10-20T20:26:09.000,12.4152
2021-10-20T20:36:09.000,12.3872
2021-10-20T20:46:09.000,12.5341
2021-10-20T20:56:09.000,12.7284
2021-10-20T21:06:09.000,12.8387
2021-10-20T21:16:09.000,12.8345
2021-10-20T21:26:09.000,12.9042
2021-10-20T21:36:09.000,12.9670
2021-10-20T21:46:09.000,12.9991
2021-10-20T21:56:09.000,12.9991
2021-10-20T22:06:09.000,13.0074
2021-10-20T22:16:09.000,12.9935
2021-10-20T22:26:09.000,12.9823
2021-10-20T22:36:09.000,12.9712
2021-10-20T22:46:09.000,12.9614
2021-10-20T22:56:09.000,12.9405
2021-10-20T23:06:09.000,12.9280
2021-10-20T23:16:09.000,12.9321
2021-10-20T23:26:09.000,12.9335
2021-10-20T23:36:09.000,12.9433
2021-10-20T23:46:09.000,12.9517
2021-10-20T23:56:09.000,12.9475
2021-10-21T00:06:09.000,12.9377
2021-10-21T00:16:09.000,12.9210
2021-10-21T00:26:09.000,12.9056
2021-10-21T00:36:09.000,12.8973
2021-10-21T00:46:09.000,12.8987
2021-10-21T00:56:09.000,12.8987
2021-10-21T01:06:09.000,12.8889
2021-10-21T01:16:09.000,12.8917
2021-10-21T01:26:09.000,12.8945
2021-10-21T01:36:09.000,12.9001
2021-10-21T01:46:09.000,13.0743
2021-10-21T01:56:09.000,13.2247
2021-10-21T02:06:09.000,13.2568
2021-10-21T02:16:09.000,13.3694
2021-10-21T02:26:09.000,13.4098
2021-10-21T02:36:09.000,13.4807
2021-10-21T02:46:09.000,13.5057
2021-10-21T02:56:09.000,13.5529
2021-10-21T03:06:09.000,13.5279
2021-10-21T03:16:09.000,13.4821
2021-10-21T03:26:09.000,13.3625
2021-10-21T03:36:09.000,13.3764
2021-10-21T03:46:09.000,13.1203
2021-10-21T03:56:09.000,13.0186
2021-10-21T04:06:09.000,13.0060
2021-10-21T04:16:09.000,13.0437
2021-10-21T04:26:09.000,12.9796
2021-10-21T04:36:09.000,12.7675
2021-10-21T04:46:09.000,12.6418
2021-10-21T04:56:09.000,12.6432
2021-10-21T05:06:09.000,12.6446
2021-10-21T05:16:09.000,12.5817
2021-10-21T05:26:09.000,12.5104
2021-10-21T05:36:09.000,12.4390
2021-10-21T05:46:09.000,12.3984
2021-10-21T05:56:09.000,12.3438
2021-10-21T06:06:09.000,12.3396
2021-10-21T06:16:09.000,12.3452
2021-10-21T06:26:09.000,12.4824
2021-10-21T06:36:09.000,12.5383
2021-10-21T06:46:09.000,12.4824
2021-10-21T06:56:09.000,12.4250
2021-10-21T07:06:09.000,12.3760
2021-10-21T07:16:09.000,12.3312
2021-10-21T07:26:09.000,12.2458
2021-10-21T07:36:09.000,12.0607
2021-10-21T07:46:09.000,11.9905
2021-10-21T07:56:09.000,11.9779
2021-10-21T08:06:09.000,12.0045
2021-10-21T08:16:09.000,12.0467
2021-10-21T08:26:09.000,12.0031
2021-10-21T08:36:09.000,12.1014
2021-10-21T08:46:09.000,12.0930
2021-10-21T08:56:09.000,12.1028
2021-10-21T09:06:09.000,12.2584
2021-10-21T09:16:09.000,12.2388
2021-10-21T09:26:09.000,12.2332
2021-10-21T09:36:09.000,12.2864
2021-10-21T09:46:09.000,12.2500
2021-10-21T09:56:09.000,12.1953
2021-10-21T10:06:09.000,12.1729
2021-10-21T10:16:09.000,12.1813
2021-10-21T10:26:09.000,12.2346
2021-10-21T10:36:09.000,12.2276
2021-10-21T10:46:09.000,12.1855
2021-10-21T10:56:09.000,12.2023
2021-10-21T11:06:09.000,12.1995
2021-10-21T11:16:09.000,12.2542
2021-10-21T11:26:09.000,12.3816
2021-10-21T11:36:09.000,12.3788
2021-10-21T11:46:09.000,12.5957
2021-10-21T11:56:09.000,12.6040
2021-10-21T12:06:09.000,12.7102
2021-10-21T12:16:09.000,12.7731
2021-10-21T12:26:09.000,12.8526
2021-10-21T12:36:09.000,12.8959
2021-10-21T12:46:09.000,12.9056
2021-10-21T12:56:09.000,12.9266
2021-10-21T13:06:09.000,12.9126
2021-10-21T13:16:09.000,12.8945
2021-10-21T13:26:09.000,12.8847
2021-10-21T13:36:09.000,12.8917
2021-10-21T13:46:09.000,12.8987
2021-10-21T13:56:09.000,12.9098
2021-10-21T14:06:09.000,12.9154
2021-10-21T14:16:09.000,12.9433
2021-10-21T14:26:09.000,12.9405
2021-10-21T14:36:09.000,13.0116
2021-10-21T14:46:09.000,13.0952
2021-10-21T14:56:09.000,13.2359
2021-10-21T15:06:09.000,13.3319
2021-10-21T15:16:09.000,13.3361
2021-10-21T15:26:09.000,13.3138
2021-10-21T15:36:09.000,13.2526
2021-10-21T15:46:09.000,13.1078
2021-10-21T15:56:09.000,12.8652
2021-10-21T16:06:09.000,12.7675
2021-10-21T16:16:09.000,12.6166
2021-10-21T16:26:09.000,12.6977
2021-10-21T16:36:09.000,12.8233
2021-10-21T16:46:09.000,12.9977
2021-10-21T16:56:09.000,12.8401
2021-10-21T17:06:09.000,12.8470
2021-10-21T17:16:09.000,12.8736
2021-10-21T17:26:09.000,12.6585
2021-10-21T17:36:09.000,12.5565
2021-10-21T17:46:09.000,12.5104
2021-10-21T17:56:09.000,12.2360
2021-10-21T18:06:09.000,12.1477
2021-10-21T18:16:09.000,12.1420
2021-10-21T18:26:09.000,12.2346
2021-10-21T18:36:09.000,12.6306
2021-10-21T18:46:09.000,12.8289
2021-10-21T18:56:09.000,12.8345
2021-10-21T19:06:09.000,12.5397
2021-10-21T19:16:09.000,12.1729
2021-10-21T19:26:09.000,12.1182
2021-10-21T19:36:09.000,12.1925
2021-10-21T19:46:09.000,12.4726
2021-10-21T19:56:09.000,12.6599
2021-10-21T20:06:09.000,12.8205
2021-10-21T20:16:09.000,12.8805
2021-10-21T20:26:09.000,12.9084
2021-10-21T20:36:09.000,12.8847
2021-10-21T20:46:09.000,12.8805
2021-10-21T20:56:09.000,12.8987
2021-10-21T21:06:09.000,12.8903
2021-10-21T21:16:09.000,12.8387
2021-10-21T21:26:09.000,12.7982
2021-10-21T21:36:09.000,12.7926
2021-10-21T21:46:09.000,12.8205
2021-10-21T21:56:09.000,12.8247
2021-10-21T22:06:09.000,12.7982
2021-10-21T22:16:09.000,12.7437
2021-10-21T22:26:09.000,12.7088
2021-10-21T22:36:09.000,12.6753
2021-10-21T22:46:09.000,12.6530
2021-10-21T22:56:09.000,12.6446
2021-10-21T23:06:09.000,12.6404
2021-10-21T23:16:09.000,12.6348
2021-10-21T23:26:09.000,12.6446
2021-10-21T23:36:09.000,12.6236
2021-10-21T23:46:09.000,12.6026
2021-10-21T23:56:09.000,12.5775
2021-10-22T00:06:09.000,12.5663
2021-10-22T00:16:09.000,12.6571
2021-10-22T00:26:09.000,12.6781
2021-10-22T00:36:09.000,12.6739
2021-10-22T00:46:09.000,12.6935
2021-10-22T00:56:09.000,12.7074
2021-10-22T01:06:09.000,12.7130
2021-10-22T01:16:09.000,12.7228
2021-10-22T01:26:09.000,12.7340
2021-10-22T01:36:09.000,12.7382
2021-10-22T01:46:09.000,12.7410
2021-10-22T01:56:09.000,12.7396
2021-10-22T02:06:09.000,12.7382
2021-10-22T02:16:09.000,12.7479
2021-10-22T02:26:09.000,12.7493
2021-10-22T02:36:09.000,12.7535
2021-10-22T02:46:09.000,12.7549
2021-10-22T02:56:09.000,12.7493
2021-10-22T03:06:09.000,12.7563
2021-10-22T03:16:09.000,12.7535
2021-10-22T03:26:09.000,12.7549
2021-10-22T03:36:09.000,12.7465
2021-10-22T03:46:09.000,12.7549
2021-10-22T03:56:09.000,12.7689
2021-10-22T04:06:09.000,12.7633
2021-10-22T04:16:09.000,12.7382
2021-10-22T04:26:09.000,12.7158
2021-10-22T04:36:09.000,12.7256
2021-10-22T04:46:09.000,12.7661
2021-10-22T04:56:09.000,12.7814
2021-10-22T05:06:09.000,12.8317
2021-10-22T05:16:09.000,12.8819
2021-10-22T05:26:09.000,12.7926
2021-10-22T05:36:09.000,12.7382
2021-10-22T05:46:09.000,12.6991
2021-10-22T05:56:09.000,12.7005
2021-10-22T06:06:09.000,12.7354
2021-10-22T06:16:09.000,12.7116
2021-10-22T06:26:09.000,12.7032
2021-10-22T06:36:09.000,12.6711
2021-10-22T06:46:09.000,12.6432
2021-10-22T06:56:09.000,12.6418
2021-10-22T07:06:09.000,12.6837
2021-10-22T07:16:09.000,12.6949
2021-10-22T07:26:09.000,12.6963
2021-10-22T07:36:09.000,12.6949
2021-10-22T07:46:09.000,12.6935
2021-10-22T07:56:09.000,12.6809
2021-10-22T08:06:09.000,12.6907
2021-10-22T08:16:09.000,12.7228
2021-10-22T08:26:09.000,12.7465
2021-10-22T08:36:09.000,12.7410
2021-10-22T08:46:09.000,12.7396
2021-10-22T08:56:09.000,12.7284
2021-10-22T09:06:09.000,12.7284
2021-10-22T09:16:09.000,12.7354
2021-10-22T09:26:09.000,12.7368
2021-10-22T09:36:09.000,12.7382
2021-10-22T09:46:09.000,12.7451
2021-10-22T09:56:09.000,12.7493
2021-10-22T10:06:09.000,12.7535
2021-10-22T10:16:09.000,12.7577
2021-10-22T10:26:09.000,12.7633
2021-10-22T10:36:09.000,12.7675
2021-10-22T10:46:09.000,12.7647
2021-10-22T10:56:09.000,12.7661
2021-10-22T11:06:09.000,12.7731
2021-10-22T11:16:09.000,12.7661
2021-10-22T11:26:09.000,12.7717
2021-10-22T11:36:09.000,12.7703
2021-10-22T11:46:09.000,12.7675
2021-10-22T11:56:09.000,12.7745
2021-10-22T12:06:09.000,12.7814
2021-10-22T12:16:09.000,12.7773
2021-10-22T12:26:09.000,12.7828
2021-10-22T12:36:09.000,12.7856
2021-10-22T12:46:09.000,12.7926
2021-10-22T12:56:09.000,12.7982
2021-10-22T13:06:09.000,12.8038
2021-10-22T13:16:09.000,12.8108
2021-10-22T13:26:09.000,12.8233
2021-10-22T13:36:09.000,12.8331
2021-10-22T13:46:09.000,12.8331
2021-10-22T13:56:09.000,12.8401
2021-10-22T14:06:09.000,12.8345
2021-10-22T14:16:09.000,12.8429
2021-10-22T14:26:09.000,12.8624
2021-10-22T14:36:09.000,12.8694
2021-10-22T14:46:09.000,12.8652
2021-10-22T14:56:09.000,12.8722
2021-10-22T15:06:09.000,12.8736
2021-10-22T15:16:09.000,12.8736
2021-10-22T15:26:09.000,12.8736
2021-10-22T15:36:09.000,12.8763
2021-10-22T15:46:09.000,12.8415
2021-10-22T15:56:09.000,12.8303
2021-10-22T16:06:09.000,12.8177
2021-10-22T16:16:09.000,12.8136
2021-10-22T16:26:09.000,12.8066
2021-10-22T16:36:09.000,12.8010
2021-10-22T16:46:09.000,12.8010
2021-10-22T16:56:09.000,12.7898
2021-10-22T17:06:09.000,12.7884
2021-10-22T17:16:09.000,12.7842
2021-10-22T17:26:09.000,12.7787
2021-10-22T17:36:09.000,12.7759
2021-10-22T17:46:09.000,12.7703
2021-10-22T17:56:09.000,12.7717
2021-10-22T18:06:09.000,12.7661
2021-10-22T18:16:09.000,12.7633
2021-10-22T18:26:09.000,12.7619
2021-10-22T18:36:09.000,12.7591
2021-10-22T18:46:09.000,12.7549
2021-10-22T18:56:09.000,12.7521
2021-10-22T19:06:09.000,12.7507
2021-10-22T19:16:09.000,12.7479
2021-10-22T19:26:09.000,12.7465
2021-10-22T19:36:09.000,12.7451
2021-10-22T19:46:09.000,12.7451
2021-10-22T19:56:09.000,12.7465
2021-10-22T20:06:09.000,12.7535
2021-10-22T20:16:09.000,12.7549
2021-10-22T20:26:09.000,12.7591
2021-10-22T20:36:09.000,12.7605
2021-10-22T20:46:09.000,12.7661
2021-10-22T20:56:09.000,12.7954
2021-10-22T21:06:09.000,12.7801
2021-10-22T21:16:09.000,12.7968
2021-10-22T21:26:09.000,12.8024
2021-10-22T21:36:09.000,12.8317
2021-10-22T21:46:09.000,12.8359
2021-10-22T21:56:09.000,12.8317
2021-10-22T22:06:09.000,12.8331
2021-10-22T22:16:09.000,12.8973
2021-10-22T22:26:09.000,12.9001
2021-10-22T22:36:09.000,12.9642
2021-10-22T22:46:09.000,12.9684
2021-10-22T22:56:09.000,12.9837
2021-10-22T23:06:09.000,12.9809
2021-10-22T23:16:09.000,12.9782
2021-10-22T23:26:09.000,12.9823
2021-10-22T23:36:09.000,12.9823
2021-10-22T23:46:09.000,12.9823
2021-10-22T23:56:09.000,12.9865
2021-10-23T00:06:09.000,12.9907
2021-10-23T00:16:09.000,12.9907
2021-10-23T00:26:09.000,12.9893
2021-10-23T00:36:09.000,12.9907
2021-10-23T00:46:09.000,12.9782
2021-10-23T00:56:09.000,12.9614
2021-10-23T01:06:09.000,12.9363
2021-10-23T01:16:09.000,12.9266
2021-10-23T01:26:09.000,12.9224
2021-10-23T01:36:09.000,12.9084
2021-10-23T01:46:09.000,12.9001
2021-10-23T01:56:09.000,12.8959
2021-10-23T02:06:09.000,12.9001
2021-10-23T02:16:09.000,12.9015
2021-10-23T02:26:09.000,12.9029
2021-10-23T02:36:09.000,12.8973
2021-10-23T02:46:09.000,12.8861
2021-10-23T02:56:09.000,12.8750
2021-10-23T03:06:09.000,12.8512
2021-10-23T03:16:09.000,12.8415
2021-10-23T03:26:09.000,12.8331
2021-10-23T03:36:09.000,12.8191
2021-10-23T03:46:09.000,12.8108
2021-10-23T03:56:09.000,12.8247
2021-10-23T04:06:09.000,12.8582
2021-10-23T04:16:09.000,12.8763
2021-10-23T04:26:09.000,12.9001
2021-10-23T04:36:09.000,12.9307
2021-10-23T04:46:09.000,12.9712
2021-10-23T04:56:09.000,12.9963
2021-10-23T05:06:09.000,13.0172
2021-10-23T05:16:09.000,13.1106
2021-10-23T05:26:09.000,13.1677
2021-10-23T05:36:09.000,13.2762
2021-10-23T05:46:09.000,13.3611
2021-10-23T05:56:09.000,13.4167
2021-10-23T06:06:09.000,13.4362
2021-10-23T06:16:09.000,13.4890
2021-10-23T06:26:09.000,13.4501
2021-10-23T06:36:09.000,13.2526
2021-10-23T06:46:09.000,13.1746
2021-10-23T06:56:09.000,13.1523
2021-10-23T07:06:09.000,13.0813
2021-10-23T07:16:09.000,13.0534
2021-10-23T07:26:09.000,13.0548
2021-10-23T07:36:09.000,13.0409
2021-10-23T07:46:09.000,13.0283
2021-10-23T07:56:09.000,13.0228
2021-10-23T08:06:09.000,13.0074
2021-10-23T08:16:09.000,12.9991
2021-10-23T08:26:09.000,12.9893
2021-10-23T08:36:09.000,12.9865
2021-10-23T08:46:09.000,12.9754
2021-10-23T08:56:09.000,12.9628
2021-10-23T09:06:09.000,12.9545
2021-10-23T09:16:09.000,12.9503
2021-10-23T09:26:09.000,12.9628
2021-10-23T09:36:09.000,13.0771
2021-10-23T09:46:09.000,13.2275
2021-10-23T09:56:09.000,13.4000
2021-10-23T10:06:09.000,13.4570
2021-10-23T10:16:09.000,13.4348
2021-10-23T10:26:09.000,13.4334
2021-10-23T10:36:09.000,13.4501
2021-10-23T10:46:09.000,13.4654
2021-10-23T10:56:09.000,12.1771
2021-10-23T11:06:09.000,11.7826
2021-10-23T11:16:09.000,11.7165
2021-10-23T11:26:09.000,11.7122
2021-10-23T11:36:09.000,11.7319
2021-10-23T11:46:09.000,11.7108
2021-10-23T11:56:09.000,11.7615
2021-10-23T12:06:09.000,11.9203
2021-10-23T12:16:09.000,11.7938
2021-10-23T12:26:09.000,11.9119
2021-10-23T12:36:09.000,11.8571
2021-10-23T12:46:09.000,11.8276
2021-10-23T12:56:09.000,11.7910
2021-10-23T13:06:09.000,11.7812
2021-10-23T13:16:09.000,11.8079
2021-10-23T13:26:09.000,11.7812
2021-10-23T13:36:09.000,11.7516
2021-10-23T13:46:09.000,11.8810
2021-10-23T13:56:09.000,11.8894
2021-10-23T14:06:09.000,11.9442
2021-10-23T14:16:09.000,11.8065
2021-10-23T14:26:09.000,11.8261
2021-10-23T14:36:09.000,11.8599
2021-10-23T14:46:09.000,11.8585
2021-10-23T14:56:09.000,12.1491
2021-10-23T15:06:09.000,12.4782
2021-10-23T15:16:09.000,12.6026
2021-10-23T15:26:09.000,12.9321
2021-10-23T15:36:09.000,13.0033
2021-10-23T15:46:09.000,13.0102
2021-10-23T15:56:09.000,12.9224
2021-10-23T16:06:09.000,12.8387
2021-10-23T16:16:09.000,12.5411
2021-10-23T16:26:09.000,12.2542
2021-10-23T16:36:09.000,12.1533
2021-10-23T16:46:09.000,12.0537
2021-10-23T16:56:09.000,12.0424
2021-10-23T17:06:09.000,12.0607
2021-10-23T17:16:09.000,12.0074
2021-10-23T17:26:09.000,11.9540
2021-10-23T17:36:09.000,11.9737
2021-10-23T17:46:09.000,11.9877
2021-10-23T17:56:09.000,11.9835
2021-10-23T18:06:09.000,11.9582
2021-10-23T18:16:09.000,11.9077
2021-10-23T18:26:09.000,11.9147
2021-10-23T18:36:09.000,11.9709
2021-10-23T18:46:09.000,11.9737
2021-10-23T18:56:09.000,11.9709
2021-10-23T19:06:09.000,11.8838
2021-10-23T19:16:09.000,11.8107
2021-10-23T19:26:09.000,11.8135
2021-10-23T19:36:09.000,11.9301
2021-10-23T19:46:09.000,11.9723
2021-10-23T19:56:09.000,12.0565
2021-10-23T20:06:09.000,12.0453
2021-10-23T20:16:09.000,11.7994
2021-10-23T20:26:09.000,11.7291
2021-10-23T20:36:09.000,11.7474
2021-10-23T20:46:09.000,11.7854
2021-10-23T20:56:09.000,11.7643
2021-10-23T21:06:09.000,11.7502
2021-10-23T21:16:09.000,11.7291
2021-10-23T21:26:09.000,11.7136
2021-10-23T21:36:09.000,11.7277
2021-10-23T21:46:09.000,11.7587
2021-10-23T21:56:09.000,11.8051
2021-10-23T22:06:09.000,11.8458
2021-10-23T22:16:09.000,11.8866
2021-10-23T22:26:09.000,11.9835
2021-10-23T22:36:09.000,12.0158
2021-10-23T22:46:09.000,12.1519
2021-10-23T22:56:09.000,12.3326
2021-10-23T23:06:09.000,12.3452
2021-10-23T23:16:09.000,12.3032
2021-10-23T23:26:09.000,12.3200
2021-10-23T23:36:09.000,12.3256
2021-10-23T23:46:09.000,12.3438
2021-10-23T23:56:09.000,12.3242
2021-10-24T00:06:09.000,12.3354
2021-10-24T00:16:09.000,12.3676
2021-10-24T00:26:09.000,12.4292
2021-10-24T00:36:09.000,12.4796
2021-10-24T00:46:09.000,12.4908
2021-10-24T00:56:09.000,12.4684
2021-10-24T01:06:09.000,12.4684
2021-10-24T01:16:09.000,12.4698
2021-10-24T01:26:09.000,12.4502
2021-10-24T01:36:09.000,12.4614
2021-10-24T01:46:09.000,12.4586
2021-10-24T01:56:09.000,12.4628
2021-10-24T02:06:09.000,12.4544
2021-10-24T02:16:09.000,12.4586
2021-10-24T02:26:09.000,12.4558
2021-10-24T02:36:09.000,12.4376
2021-10-24T02:46:09.000,12.4446
2021-10-24T02:56:09.000,12.4362
2021-10-24T03:06:09.000,12.4222
2021-10-24T03:16:09.000,12.4166
2021-10-24T03:26:09.000,12.3928
2021-10-24T03:36:09.000,12.3760
2021-10-24T03:46:09.000,12.3634
2021-10-24T03:56:09.000,12.3424
2021-10-24T04:06:09.000,12.2962
2021-10-24T04:16:09.000,12.2710
2021-10-24T04:26:09.000,12.2626
2021-10-24T04:36:09.000,12.2626
2021-10-24T04:46:09.000,12.2430
2021-10-24T04:56:09.000,12.2360
2021-10-24T05:06:09.000,12.2388
2021-10-24T05:16:09.000,12.2388
2021-10-24T05:26:09.000,12.2360
2021-10-24T05:36:09.000,12.2360
2021-10-24T05:46:09.000,12.2346
2021-10-24T05:56:09.000,12.2402
2021-10-24T06:06:09.000,12.2416
2021-10-24T06:16:09.000,12.2556
2021-10-24T06:26:09.000,12.2528
2021-10-24T06:36:09.000,12.2654
2021-10-24T06:46:09.000,12.2724
2021-10-24T06:56:09.000,12.2766
2021-10-24T07:06:09.000,12.3074
2021-10-24T07:16:09.000,12.3102
2021-10-24T07:26:09.000,12.3144
2021-10-24T07:36:09.000,12.3144
2021-10-24T07:46:09.000,12.3200
2021-10-24T07:56:09.000,12.3074
2021-10-24T08:06:09.000,12.2892
2021-10-24T08:16:09.000,12.2780
2021-10-24T08:26:09.000,12.2822
2021-10-24T08:36:09.000,12.2612
2021-10-24T08:46:09.000,12.2556
2021-10-24T08:56:09.000,12.2262
2021-10-24T09:06:09.000,12.2808
2021-10-24T09:16:09.000,12.2416
2021-10-24T09:26:09.000,12.2626
2021-10-24T09:36:09.000,12.2682
2021-10-24T09:46:09.000,12.2766
2021-10-24T09:56:09.000,12.3102
2021-10-24T10:06:09.000,12.3004
2021-10-24T10:16:09.000,12.3116
2021-10-24T10:26:09.000,12.3368
2021-10-24T10:36:09.000,12.3368
2021-10-24T10:46:09.000,12.3326
2021-10-24T10:56:09.000,12.3032
2021-10-24T11:06:09.000,12.3018
2021-10-24T11:16:09.000,12.3046
2021-10-24T11:26:09.000,12.3032
2021-10-24T11:36:09.000,12.3046
2021-10-24T11:46:09.000,12.3130
2021-10-24T11:56:09.000,12.3214
2021-10-24T12:06:09.000,12.3214
2021-10-24T12:16:09.000,12.3284
2021-10-24T12:26:09.000,12.3354
2021-10-24T12:36:09.000,12.2836
2021-10-24T12:46:09.000,12.2654
2021-10-24T12:56:09.000,12.2612
2021-10-24T13:06:09.000,12.2780
2021-10-24T13:16:09.000,12.3004
2021-10-24T13:26:09.000,12.3018
2021-10-24T13:36:09.000,12.3060
2021-10-24T13:46:09.000,12.3088
2021-10-24T13:56:09.000,12.3158
2021-10-24T14:06:09.000,12.3130
2021-10-24T14:16:09.000,12.3228
2021-10-24T14:26:09.000,12.3564
2021-10-24T14:36:09.000,12.3732
2021-10-24T14:46:09.000,12.3956
2021-10-24T14:56:09.000,12.3970
2021-10-24T15:06:09.000,12.4054
2021-10-24T15:16:09.000,12.4096
2021-10-24T15:26:09.000,12.4152
2021-10-24T15:36:09.000,12.4166
2021-10-24T15:46:09.000,12.4152
2021-10-24T15:56:09.000,12.4278
2021-10-24T16:06:09.000,12.4390
2021-10-24T16:16:09.000,12.4558
2021-10-24T16:26:09.000,12.4712
2021-10-24T16:36:09.000,12.4726
2021-10-24T16:46:09.000,12.4642
2021-10-24T16:56:09.000,12.4586
2021-10-24T17:06:09.000,12.4558
2021-10-24T17:16:09.000,12.4586
2021-10-24T17:26:09.000,12.4628
2021-10-24T17:36:09.000,12.4656
2021-10-24T17:46:09.000,12.4698
2021-10-24T17:56:09.000,12.4754
2021-10-24T18:06:09.000,12.4880
2021-10-24T18:16:09.000,12.4908
2021-10-24T18:26:09.000,12.4964
2021-10-24T18:36:09.000,12.5076
2021-10-24T18:46:09.000,12.5174
2021-10-24T18:56:09.000,12.5272
2021-10-24T19:06:09.000,12.5383
2021-10-24T19:16:09.000,12.5481
2021-10-24T19:26:09.000,12.5523
2021-10-24T19:36:09.000,12.5551
2021-10-24T19:46:09.000,12.5593
2021-10-24T19:56:09.000,12.5663
2021-10-24T20:06:09.000,12.5803
2021-10-24T20:16:09.000,12.5887
2021-10-24T20:26:09.000,12.5859
2021-10-24T20:36:09.000,12.5775
2021-10-24T20:46:09.000,12.5789
2021-10-24T20:56:09.000,12.5803
2021-10-24T21:06:09.000,12.5467
2021-10-24T21:16:09.000,12.4796
2021-10-24T21:26:09.000,12.3480
2021-10-24T21:36:09.000,12.1210
2021-10-24T21:46:09.000,12.0045
2021-10-24T21:56:09.000,11.8233
2021-10-24T22:06:09.000,11.7474
2021-10-24T22:16:09.000,11.6855
2021-10-24T22:26:09.000,11.6292
2021-10-24T22:36:09.000,11.6447
2021-10-24T22:46:09.000,11.7122
2021-10-24T22:56:09.000,11.7741
2021-10-24T23:06:09.000,11.7629
2021-10-24T23:16:09.000,11.7699
2021-10-24T23:26:09.000,11.7882
2021-10-24T23:36:09.000,11.7826
2021-10-24T23:46:09.000,11.7854
2021-10-24T23:56:09.000,11.7840
2021-10-25T00:06:09.000,11.8290
2021-10-25T00:16:09.000,11.8402
2021-10-25T00:26:09.000,11.8585
2021-10-25T00:36:09.000,11.8627
2021-10-25T00:46:09.000,11.8472
2021-10-25T00:56:09.000,11.8304
2021-10-25T01:06:09.000,11.8627
2021-10-25T01:16:09.000,11.8810
2021-10-25T01:26:09.000,11.9329
2021-10-25T01:36:09.000,11.9723
2021-10-25T01:46:09.000,11.9849
2021-10-25T01:56:09.000,11.9751
2021-10-25T02:06:09.000,11.9512
2021-10-25T02:16:09.000,11.9231
2021-10-25T02:26:09.000,11.9006
2021-10-25T02:36:09.000,11.8739
2021-10-25T02:46:09.000,11.8388
2021-10-25T02:56:09.000,11.8247
2021-10-25T03:06:09.000,11.8177
2021-10-25T03:16:09.000,11.8093
2021-10-25T03:26:09.000,11.7854
2021-10-25T03:36:09.000,11.7713
2021-10-25T03:46:09.000,11.7727
2021-10-25T03:56:09.000,11.7432
2021-10-25T04:06:09.000,11.7193
2021-10-25T04:16:09.000,11.6982
2021-10-25T04:26:09.000,11.6827
2021-10-25T04:36:09.000,11.6700
2021-10-25T04:46:09.000,11.6728
2021-10-25T04:56:09.000,11.6742
2021-10-25T05:06:09.000,11.6672
2021-10-25T05:16:09.000,11.6433
2021-10-25T05:26:09.000,11.6208
2021-10-25T05:36:09.000,11.5898
2021-10-25T05:46:09.000,11.5672
2021-10-25T05:56:09.000,11.5461
2021-10-25T06:06:09.000,11.5348
2021-10-25T06:16:09.000,11.5362
2021-10-25T06:26:09.000,11.5532
2021-10-25T06:36:09.000,11.5813
2021-10-25T06:46:09.000,11.5996
2021-10-25T06:56:09.000,11.6123
2021-10-25T07:06:09.000,11.6222
2021-10-25T07:16:09.000,11.6292
2021-10-25T07:26:09.000,11.6165
2021-10-25T07:36:09.000,11.6039
2021-10-25T07:46:09.000,11.5898
2021-10-25T07:56:09.000,11.5616
2021-10-25T08:06:09.000,11.5405
2021-10-25T08:16:09.000,11.5532
2021-10-25T08:26:09.000,11.5771
2021-10-25T08:36:09.000,11.6433
2021-10-25T08:46:09.000,11.6686
2021-10-25T08:56:09.000,11.6137
2021-10-25T09:06:09.000,11.5433
2021-10-25T09:16:09.000,11.5095
2021-10-25T09:26:09.000,11.5179
2021-10-25T09:36:09.000,11.5447
2021-10-25T09:46:09.000,11.5799
2021-10-25T09:56:09.000,11.6264
2021-10-25T10:06:09.000,11.6757
2021-10-25T10:16:09.000,11.7010
2021-10-25T10:26:09.000,11.7122
2021-10-25T10:36:09.000,11.7263
2021-10-25T10:46:09.000,11.7362
2021-10-25T10:56:09.000,11.7516
2021-10-25T11:06:09.000,11.7601
2021-10-25T11:16:09.000,11.7601
2021-10-25T11:26:09.000,11.7601
2021-10-25T11:36:09.000,11.7643
2021-10-25T11:46:09.000,11.7699
2021-10-25T11:56:09.000,11.7587
2021-10-25T12:06:09.000,11.7418
2021-10-25T12:16:09.000,11.7277
2021-10-25T12:26:09.000,11.7179
2021-10-25T12:36:09.000,11.7165
2021-10-25T12:46:09.000,11.7235
2021-10-25T12:56:09.000,11.7376
2021-10-25T13:06:09.000,11.7404
2021-10-25T13:16:09.000,11.7488
2021-10-25T13:26:09.000,11.7615
2021-10-25T13:36:09.000,11.7629
2021-10-25T13:46:09.000,11.7713
2021-10-25T13:56:09.000,11.7530
2021-10-25T14:06:09.000,11.7615
2021-10-25T14:16:09.000,11.7896
2021-10-25T14:26:09.000,11.7994
2021-10-25T14:36:09.000,11.7868
2021-10-25T14:46:09.000,11.7924
2021-10-25T14:56:09.000,11.7868
2021-10-25T15:06:09.000,11.7826
2021-10-25T15:16:09.000,11.7727
2021-10-25T15:26:09.000,11.7741
2021-10-25T15:36:09.000,11.7657
2021-10-25T15:46:09.000,11.7798
2021-10-25T15:56:09.000,11.7699
2021-10-25T16:06:09.000,11.7854
2021-10-25T16:16:09.000,11.7727
2021-10-25T16:26:09.000,11.7727
2021-10-25T16:36:09.000,11.7812
2021-10-25T16:46:09.000,11.7727
2021-10-25T16:56:09.000,11.7699
2021-10-25T17:06:09.000,11.7615
2021-10-25T17:16:09.000,11.7516
2021-10-25T17:26:09.000,11.7446
2021-10-25T17:36:09.000,11.7319
2021-10-25T17:46:09.000,11.7319
2021-10-25T17:56:09.000,11.7544
2021-10-25T18:06:09.000,11.7952
2021-10-25T18:16:09.000,11.8739
2021-10-25T18:26:09.000,11.9582
2021-10-25T18:36:09.000,12.0088
2021-10-25T18:46:09.000,12.0074
2021-10-25T18:56:09.000,11.9821
2021-10-25T19:06:09.000,11.9680
2021-10-25T19:16:09.000,11.9610
2021-10-25T19:26:09.000,11.9428
2021-10-25T19:36:09.000,11.9315
2021-10-25T19:46:09.000,11.9189
2021-10-25T19:56:09.000,11.8908
2021-10-25T20:06:09.000,11.8332
2021-10-25T20:16:09.000,11.8276
2021-10-25T20:26:09.000,11.8051
2021-10-25T20:36:09.000,11.7952
2021-10-25T20:46:09.000,11.7924
2021-10-25T20:56:09.000,11.7840
2021-10-25T21:06:09.000,11.7812
2021-10-25T21:16:09.000,11.7868
2021-10-25T21:26:09.000,11.7980
2021-10-25T21:36:09.000,11.8065
2021-10-25T21:46:09.000,11.7980
2021-10-25T21:56:09.000,11.7713
2021-10-25T22:06:09.000,11.7558
2021-10-25T22:16:09.000,11.7362
2021-10-25T22:26:09.000,11.7277
2021-10-25T22:36:09.000,11.7263
2021-10-25T22:46:09.000,11.7207
2021-10-25T22:56:09.000,11.7122
2021-10-25T23:06:09.000,11.6897
2021-10-25T23:16:09.000,11.6672
2021-10-25T23:26:09.000,11.6616
2021-10-25T23:36:09.000,11.6672
2021-10-25T23:46:09.000,11.6644
2021-10-25T23:56:09.000,11.6644
2021-10-26T00:06:09.000,11.6630
2021-10-26T00:16:09.000,11.6630
2021-10-26T00:26:09.000,11.6574
2021-10-26T00:36:09.000,11.6559
2021-10-26T00:46:09.000,11.6574
2021-10-26T00:56:09.000,11.6559
2021-10-26T01:06:09.000,11.6827
2021-10-26T01:16:09.000,11.6897
2021-10-26T01:26:09.000,11.7165
2021-10-26T01:36:09.000,11.7291
2021-10-26T01:46:09.000,11.7615
2021-10-26T01:56:09.000,11.8022
2021-10-26T02:06:09.000,11.8205
2021-10-26T02:16:09.000,11.8514
2021-10-26T02:26:09.000,11.8781
2021-10-26T02:36:09.000,11.9119
2021-10-26T02:46:09.000,11.9456
2021-10-26T02:56:09.000,11.9723
2021-10-26T03:06:09.000,11.9863
2021-10-26T03:16:09.000,11.9891
2021-10-26T03:26:09.000,11.9891
2021-10-26T03:36:09.000,11.9961
2021-10-26T03:46:09.000,11.9961
2021-10-26T03:56:09.000,11.9989
2021-10-26T04:06:09.000,12.0017
2021-10-26T04:16:09.000,12.0017
2021-10-26T04:26:09.000,11.9933
2021-10-26T04:36:09.000,11.9905
2021-10-26T04:46:09.000,11.9863
2021-10-26T04:56:09.000,11.9540
2021-10-26T05:06:09.000,11.9301
2021-10-26T05:16:09.000,11.9175
2021-10-26T05:26:09.000,11.8641
2021-10-26T05:36:09.000,11.8332
2021-10-26T05:46:09.000,11.8191
2021-10-26T05:56:09.000,11.8163
2021-10-26T06:06:09.000,11.8107
2021-10-26T06:16:09.000,11.8135
2021-10-26T06:26:09.000,11.8177
2021-10-26T06:36:09.000,11.8135
2021-10-26T06:46:09.000,11.7952
2021-10-26T06:56:09.000,11.7713
2021-10-26T07:06:09.000,11.7657
2021-10-26T07:16:09.000,11.7685
2021-10-26T07:26:09.000,11.7699
2021-10-26T07:36:09.000,11.7812
2021-10-26T07:46:09.000,11.7882
2021-10-26T07:56:09.000,11.7994
2021-10-26T08:06:09.000,11.7952
2021-10-26T08:16:09.000,11.7980
2021-10-26T08:26:09.000,11.7994
2021-10-26T08:36:09.000,11.8261
2021-10-26T08:46:09.000,11.8753
2021-10-26T08:56:09.000,11.9034
2021-10-26T09:06:09.000,11.9315
2021-10-26T09:16:09.000,11.9596
2021-10-26T09:26:09.000,11.9905
2021-10-26T09:36:09.000,12.0045
2021-10-26T09:46:09.000,12.0228
2021-10-26T09:56:09.000,12.0312
2021-10-26T10:06:09.000,12.0340
2021-10-26T10:16:09.000,12.0368
2021-10-26T10:26:09.000,12.0410
2021-10-26T10:36:09.000,12.0424
2021-10-26T10:46:09.000,12.0495
2021-10-26T10:56:09.000,12.0565
2021-10-26T11:06:09.000,12.0635
2021-10-26T11:16:09.000,12.0719
2021-10-26T11:26:09.000,12.0789
2021-10-26T11:36:09.000,12.0845
2021-10-26T11:46:09.000,12.0887
2021-10-26T11:56:09.000,12.0930
2021-10-26T12:06:09.000,12.0972
2021-10-26T12:16:09.000,12.0958
2021-10-26T12:26:09.000,12.0944
2021-10-26T12:36:09.000,12.0944
2021-10-26T12:46:09.000,12.0958
2021-10-26T12:56:09.000,12.0944
2021-10-26T13:06:09.000,12.0944
2021-10-26T13:16:09.000,12.0972
2021-10-26T13:26:09.000,12.0944
2021-10-26T13:36:09.000,12.0958
2021-10-26T13:46:09.000,12.0944
2021-10-26T13:56:09.000,12.0944
2021-10-26T14:06:09.000,12.0916
2021-10-26T14:16:09.000,12.0887
2021-10-26T14:26:09.000,12.0902
2021-10-26T14:36:09.000,12.0873
2021-10-26T14:46:09.000,12.0873
2021-10-26T14:56:09.000,12.0916
2021-10-26T15:06:09.000,12.0873
2021-10-26T15:16:09.000,12.0859
2021-10-26T15:26:09.000,12.0859
2021-10-26T15:36:09.000,12.0859
2021-10-26T15:46:09.000,12.0873
2021-10-26T15:56:09.000,12.0902
2021-10-26T16:06:09.000,12.0944
2021-10-26T16:16:09.000,12.0944
2021-10-26T16:26:09.000,12.0944
2021-10-26T16:36:09.000,12.0958
2021-10-26T16:46:09.000,12.0944
2021-10-26T16:56:09.000,12.0621
2021-10-26T17:06:09.000,12.0410
2021-10-26T17:16:09.000,12.0691
2021-10-26T17:26:09.000,12.0831
2021-10-26T17:36:09.000,12.0873
2021-10-26T17:46:09.000,12.0789
2021-10-26T17:56:09.000,12.0607
2021-10-26T18:06:09.000,12.0495
2021-10-26T18:16:09.000,12.0382
2021-10-26T18:26:09.000,12.0298
2021-10-26T18:36:09.000,12.0242
2021-10-26T18:46:09.000,12.0284
2021-10-26T18:56:09.000,12.0312
2021-10-26T19:06:09.000,12.0312
2021-10-26T19:16:09.000,12.0298
2021-10-26T19:26:09.000,12.0340
2021-10-26T19:36:09.000,12.0284
2021-10-26T19:46:09.000,12.0172
2021-10-26T19:56:09.000,12.0186
2021-10-26T20:06:09.000,12.0214
2021-10-26T20:16:09.000,12.0200
2021-10-26T20:26:09.000,12.0158
2021-10-26T20:36:09.000,12.0116
2021-10-26T20:46:09.000,12.0102
2021-10-26T20:56:09.000,12.0060
2021-10-26T21:06:09.000,12.0017
2021-10-26T21:16:09.000,11.9975
2021-10-26T21:26:09.000,11.9933
2021-10-26T21:36:09.000,11.9877
2021-10-26T21:46:09.000,11.9863
2021-10-26T21:56:09.000,11.9652
2021-10-26T22:06:09.000,11.9554
2021-10-26T22:16:09.000,11.9512
2021-10-26T22:26:09.000,11.9428
2021-10-26T22:36:09.000,11.9203
2021-10-26T22:46:09.000,11.8964
2021-10-26T22:56:09.000,11.8838
2021-10-26T23:06:09.000,11.8796
2021-10-26T23:16:09.000,11.8683
2021-10-26T23:26:09.000,11.8599
2021-10-26T23:36:09.000,11.8486
2021-10-26T23:46:09.000,11.8276
2021-10-26T23:56:09.000,11.8205
2021-10-27T00:06:09.000,11.8135
2021-10-27T00:16:09.000,11.8093
2021-10-27T00:26:09.000,11.8135
2021-10-27T00:36:09.000,11.8177
2021-10-27T00:46:09.000,11.8177
2021-10-27T00:56:09.000,11.8219
2021-10-27T01:06:09.000,11.8276
2021-10-27T01:16:09.000,11.8486
2021-10-27T01:26:09.000,11.8669
2021-10-27T01:36:09.000,11.8753
2021-10-27T01:46:09.000,11.8866
2021-10-27T01:56:09.000,11.8922
2021-10-27T02:06:09.000,11.8922
2021-10-27T02:16:09.000,11.9048
2021-10-27T02:26:09.000,11.9245
2021-10-27T02:36:09.000,11.9428
2021-10-27T02:46:09.000,11.9498
2021-10-27T02:56:09.000,11.9540
2021-10-27T03:06:09.000,11.9554
2021-10-27T03:16:09.000,11.9540
2021-10-27T03:26:09.000,11.9568
2021-10-27T03:36:09.000,11.9526
2021-10-27T03:46:09.000,11.9498
2021-10-27T03:56:09.000,11.9624
2021-10-27T04:06:09.000,11.9709
2021-10-27T04:16:09.000,11.9793
2021-10-27T04:26:09.000,11.9835
2021-10-27T04:36:09.000,11.9863
2021-10-27T04:46:09.000,11.9821
2021-10-27T04:56:09.000,11.9765
2021-10-27T05:06:09.000,11.9765
2021-10-27T05:16:09.000,11.9680
2021-10-27T05:26:09.000,11.9610
2021-10-27T05:36:09.000,11.9596
2021-10-27T05:46:09.000,11.9554
2021-10-27T05:56:09.000,11.9484
2021-10-27T06:06:09.000,11.9343
2021-10-27T06:16:09.000,11.9315
2021-10-27T06:26:09.000,11.9259
2021-10-27T06:36:09.000,11.9189
2021-10-27T06:46:09.000,11.9203
2021-10-27T06:56:09.000,11.9147
2021-10-27T07:06:09.000,11.9091
2021-10-27T07:16:09.000,11.9077
2021-10-27T07:26:09.000,11.9119
2021-10-27T07:36:09.000,11.9062
2021-10-27T07:46:09.000,11.9062
2021-10-27T07:56:09.000,11.8880
2021-10-27T08:06:09.000,11.8641
2021-10-27T08:16:09.000,11.8543
2021-10-27T08:26:09.000,11.8529
2021-10-27T08:36:09.000,11.8543
2021-10-27T08:46:09.000,11.8571
2021-10-27T08:56:09.000,11.8641
2021-10-27T09:06:09.000,11.8697
2021-10-27T09:16:09.000,11.8725
2021-10-27T09:26:09.000,11.8739
2021-10-27T09:36:09.000,11.8641
2021-10-27T09:46:09.000,11.8571
2021-10-27T09:56:09.000,11.8571
2021-10-27T10:06:09.000,11.8571
2021-10-27T10:16:09.000,11.8543
2021-10-27T10:26:09.000,11.8585
2021-10-27T10:36:09.000,11.8796
2021-10-27T10:46:09.000,11.8824
2021-10-27T10:56:09.000,11.8852
2021-10-27T11:06:09.000,11.8824
2021-10-27T11:16:09.000,11.8767
2021-10-27T11:26:09.000,11.8725
2021-10-27T11:36:09.000,11.8767
2021-10-27T11:46:09.000,11.8824
2021-10-27T11:56:09.000,11.8781
2021-10-27T12:06:09.000,11.8641
2021-10-27T12:16:09.000,11.8571
2021-10-27T12:26:09.000,11.8613
2021-10-27T12:36:09.000,11.8613
2021-10-27T12:46:09.000,11.8599
2021-10-27T12:56:09.000,11.8599
2021-10-27T13:06:09.000,11.8683
2021-10-27T13:16:09.000,11.8753
2021-10-27T13:26:09.000,11.8922
2021-10-27T13:36:09.000,11.9091
2021-10-27T13:46:09.000,11.9400
2021-10-27T13:56:09.000,11.9638
2021-10-27T14:06:09.000,11.9793
2021-10-27T14:16:09.000,11.9933
2021-10-27T14:26:09.000,12.0003
2021-10-27T14:36:09.000,12.0031
2021-10-27T14:46:09.000,11.9975
2021-10-27T14:56:09.000,11.9891
2021-10-27T15:06:09.000,11.9737
2021-10-27T15:16:09.000,11.9610
2021-10-27T15:26:09.000,11.9610
2021-10-27T15:36:09.000,11.9694
2021-10-27T15:46:09.000,11.9807
2021-10-27T15:56:09.000,11.9933
2021-10-27T16:06:09.000,11.9989
2021-10-27T16:16:09.000,12.0017
2021-10-27T16:26:09.000,12.0144
2021-10-27T16:36:09.000,12.0284
2021-10-27T16:46:09.000,12.0410
2021-10-27T16:56:09.000,12.0551
2021-10-27T17:06:09.000,12.0677
2021-10-27T17:16:09.000,12.0775
2021-10-27T17:26:09.000,12.0873
2021-10-27T17:36:09.000,12.0958
2021-10-27T17:46:09.000,12.1056
2021-10-27T17:56:09.000,12.1140
2021-10-27T18:06:09.000,12.1196
2021-10-27T18:16:09.000,12.1280
2021-10-27T18:26:09.000,12.1266
2021-10-27T18:36:09.000,12.1308
2021-10-27T18:46:09.000,12.1364
2021-10-27T18:56:09.000,12.1336
2021-10-27T19:06:09.000,12.1449
2021-10-27T19:16:09.000,12.1813
2021-10-27T19:26:09.000,12.2149
2021-10-27T19:36:09.000,12.2374
2021-10-27T19:46:09.000,12.2668
2021-10-27T19:56:09.000,12.2220
2021-10-27T20:06:09.000,12.2220
2021-10-27T20:16:09.000,12.2346
2021-10-27T20:26:09.000,12.2542
2021-10-27T20:36:09.000,12.2023
2021-10-27T20:46:09.000,12.2093
2021-10-27T20:56:09.000,12.1799
2021-10-27T21:06:09.000,12.1771
2021-10-27T21:16:09.000,12.2276
2021-10-27T21:26:09.000,12.2234
2021-10-27T21:36:09.000,12.2612
2021-10-27T21:46:09.000,12.2640
2021-10-27T21:56:09.000,12.2934
2021-10-27T22:06:09.000,12.3186
2021-10-27T22:16:09.000,12.3368
2021-10-27T22:26:09.000,12.3746
2021-10-27T22:36:09.000,12.4320
2021-10-27T22:46:09.000,12.4530
2021-10-27T22:56:09.000,12.4600
2021-10-27T23:06:09.000,12.4628
2021-10-27T23:16:09.000,12.4656
2021-10-27T23:26:09.000,12.4768
2021-10-27T23:36:09.000,12.4768
2021-10-27T23:46:09.000,12.4670
2021-10-27T23:56:09.000,12.4614
2021-10-28T00:06:09.000,12.4614
2021-10-28T00:16:09.000,12.4544
2021-10-28T00:26:09.000,12.4572
2021-10-28T00:36:09.000,12.4432
2021-10-28T00:46:09.000,12.4502
2021-10-28T00:56:09.000,12.4670
2021-10-28T01:06:09.000,12.4782
2021-10-28T01:16:09.000,12.2234
2021-10-28T01:26:09.000,12.1280
2021-10-28T01:36:09.000,12.1070
2021-10-28T01:46:09.000,12.0775
2021-10-28T01:56:09.000,12.0382
2021-10-28T02:06:09.000,12.0326
2021-10-28T02:16:09.000,12.0214
2021-10-28T02:26:09.000,12.0088
2021-10-28T02:36:09.000,12.0060
2021-10-28T02:46:09.000,12.0060
2021-10-28T02:56:09.000,12.0074
2021-10-28T03:06:09.000,12.0116
2021-10-28T03:16:09.000,12.0186
2021-10-28T03:26:09.000,12.0158
2021-10-28T03:36:09.000,12.0158
2021-10-28T03:46:09.000,12.0242
2021-10-28T03:56:09.000,12.0256
2021-10-28T04:06:09.000,12.0284
2021-10-28T04:16:09.000,12.0326
2021-10-28T04:26:09.000,12.0382
2021-10-28T04:36:09.000,12.0396
2021-10-28T04:46:09.000,12.0509
2021-10-28T04:56:09.000,12.0635
2021-10-28T05:06:09.000,12.0747
2021-10-28T05:16:09.000,12.0789
2021-10-28T05:26:09.000,12.0817
2021-10-28T05:36:09.000,12.0944
2021-10-28T05:46:09.000,12.1000
2021-10-28T05:56:09.000,12.1014
2021-10-28T06:06:09.000,12.1042
2021-10-28T06:16:09.000,12.1112
2021-10-28T06:26:09.000,12.1210
2021-10-28T06:36:09.000,12.1294
2021-10-28T06:46:09.000,12.1308
2021-10-28T06:56:09.000,12.1252
2021-10-28T07:06:09.000,12.1266
2021-10-28T07:16:09.000,12.3900
2021-10-28T07:26:09.000,12.4110
2021-10-28T07:36:09.000,12.4922
2021-10-28T07:46:09.000,12.4978
2021-10-28T07:56:09.000,12.5020
2021-10-28T08:06:09.000,12.4572
2021-10-28T08:16:09.000,12.4334
2021-10-28T08:26:09.000,12.4852
2021-10-28T08:36:09.000,12.5202
2021-10-28T08:46:09.000,12.5551
2021-10-28T08:56:09.000,12.5957
2021-10-28T09:06:09.000,12.5929
2021-10-28T09:16:09.000,12.5230
2021-10-28T09:26:09.000,12.2794
2021-10-28T09:36:09.000,12.1631
2021-10-28T09:46:09.000,12.2878
2021-10-28T09:56:09.000,12.3984
2021-10-28T10:06:09.000,12.4852
2021-10-28T10:16:09.000,12.2990
2021-10-28T10:26:09.000,11.9610
2021-10-28T10:36:09.000,11.8725
2021-10-28T10:46:09.000,11.8557
2021-10-28T10:56:09.000,11.8430
2021-10-28T11:06:09.000,11.8360
2021-10-28T11:16:09.000,11.8304
2021-10-28T11:26:09.000,11.8205
2021-10-28T11:36:09.000,11.8177
2021-10-28T11:46:09.000,11.8107
2021-10-28T11:56:09.000,11.8051
2021-10-28T12:06:09.000,11.8051
2021-10-28T12:16:09.000,11.8022
2021-10-28T12:26:09.000,11.7994
2021-10-28T12:36:09.000,11.8037
2021-10-28T12:46:09.000,11.8008
2021-10-28T12:56:09.000,11.8037
2021-10-28T13:06:09.000,11.7994
2021-10-28T13:16:09.000,11.9456
2021-10-28T13:26:09.000,19.4695
2021-10-28T13:36:09.000,24.0104
2021-10-28T13:46:09.000,19.3396
2021-10-28T13:56:09.000,20.3873
2021-10-28T14:06:09.000,22.4390
2021-10-28T14:16:09.000,19.1577
2021-10-28T14:26:09.000,17.2740
2021-10-28T14:36:09.000,18.2183
2021-10-28T14:46:09.000,18.2580
2021-10-28T14:56:09.000,17.7559
2021-10-28T15:06:09.000,18.1800
2021-10-28T15:16:09.000,19.2316
2021-10-28T15:26:09.000,18.4043
2021-10-28T15:36:09.000,16.7985
2021-10-28T15:46:09.000,16.2896
2021-10-28T15:56:09.000,15.6121
2021-10-28T16:06:09.000,15.3878
2021-10-28T16:16:09.000,16.0507
2021-10-28T16:26:09.000,16.3473
2021-10-28T16:36:09.000,16.9274
2021-10-28T16:46:09.000,17.7477
2021-10-28T16:56:09.000,18.5670
2021-10-28T17:06:09.000,19.3943
2021-10-28T17:16:09.000,20.2272
2021-10-28T17:26:09.000,20.7159
2021-10-28T17:36:09.000,21.3338
2021-10-28T17:46:09.000,21.9059
2021-10-28T17:56:09.000,22.1929
2021-10-28T18:06:09.000,22.5078
2021-10-28T18:16:09.000,22.7638
2021-10-28T18:26:09.000,22.9621
2021-10-28T18:36:09.000,23.1207
2021-10-28T18:46:09.000,23.2475
2021-10-28T18:56:09.000,23.3538
2021-10-28T19:06:09.000,23.4311
2021-10-28T19:16:09.000,23.4794
2021-10-28T19:26:09.000,23.5153
2021-10-28T19:36:09.000,23.5416
2021-10-28T19:46:09.000,23.5637
2021-10-28T19:56:09.000,23.5692
2021-10-28T20:06:09.000,23.5775
2021-10-28T20:16:09.000,23.5858
2021-10-28T20:26:09.000,23.5789
2021-10-28T20:36:09.000,23.5692
2021-10-28T20:46:09.000,23.5568
2021-10-28T20:56:09.000,23.5374
2021-10-28T21:06:09.000,23.5209
2021-10-28T21:16:09.000,23.5043
2021-10-28T21:26:09.000,23.4905
2021-10-28T21:36:09.000,23.4725
2021-10-28T21:46:09.000,23.4477
2021-10-28T21:56:09.000,23.4283
2021-10-28T22:06:09.000,23.4076
2021-10-28T22:16:09.000,23.3869
2021-10-28T22:26:09.000,23.3635
2021-10-28T22:36:09.000,23.3510
2021-10-28T22:46:09.000,23.3234
2021-10-28T22:56:09.000,23.2986
2021-10-28T23:06:09.000,23.2765
2021-10-28T23:16:09.000,23.2558
2021-10-28T23:26:09.000,23.2351
2021-10-28T23:36:09.000,23.2337
2021-10-28T23:46:09.000,23.2158
2021-10-28T23:56:09.000,23.1827
2021-10-29T00:06:09.000,23.1510
2021-10-29T00:16:09.000,23.1234
2021-10-29T00:26:09.000,23.0931
2021-10-29T00:36:09.000,23.0627
2021-10-29T00:46:09.000,23.0324
2021-10-29T00:56:09.000,23.0090
2021-10-29T01:06:09.000,22.9801
2021-10-29T01:16:09.000,22.9525
2021-10-29T01:26:09.000,22.9304
2021-10-29T01:36:09.000,22.9001
2021-10-29T01:46:09.000,22.8726
2021-10-29T01:56:09.000,22.8492
2021-10-29T02:06:09.000,22.8258
2021-10-29T02:16:09.000,22.7955
2021-10-29T02:26:09.000,22.7707
2021-10-29T02:36:09.000,22.7404
2021-10-29T02:46:09.000,22.7101
2021-10-29T02:56:09.000,22.6784
2021-10-29T03:06:09.000,22.6523
2021-10-29T03:16:09.000,22.6248
2021-10-29T03:26:09.000,22.5959
2021-10-29T03:36:09.000,22.5656
2021-10-29T03:46:09.000,22.5422
2021-10-29T03:56:09.000,22.5147
2021-10-29T04:06:09.000,22.4872
2021-10-29T04:16:09.000,22.4624
2021-10-29T04:26:09.000,22.4335
2021-10-29T04:36:09.000,22.4074
2021-10-29T04:46:09.000,22.3785
2021-10-29T04:56:09.000,22.3510
2021-10-29T05:06:09.000,22.3249
2021-10-29T05:16:09.000,22.2947
2021-10-29T05:26:09.000,22.2713
2021-10-29T05:36:09.000,22.2452
2021-10-29T05:46:09.000,22.2177
2021-10-29T05:56:09.000,22.1916
2021-10-29T06:06:09.000,22.1723
2021-10-29T06:16:09.000,22.1449
2021-10-29T06:26:09.000,22.1201
2021-10-29T06:36:09.000,22.0981
2021-10-29T06:46:09.000,22.0720
2021-10-29T06:56:09.000,22.0459
2021-10-29T07:06:09.000,22.0295
2021-10-29T07:16:09.000,22.0075
2021-10-29T07:26:09.000,21.9896
2021-10-29T07:36:09.000,21.9718
2021-10-29T07:46:09.000,21.9649
2021-10-29T07:56:09.000,21.9690
2021-10-29T08:06:09.000,21.9690
2021-10-29T08:16:09.000,21.9690
2021-10-29T08:26:09.000,21.9622
2021-10-29T08:36:09.000,21.9539
2021-10-29T08:46:09.000,21.9910
2021-10-29T08:56:09.000,22.0459
2021-10-29T09:06:09.000,22.0638
2021-10-29T09:16:09.000,22.0253
2021-10-29T09:26:09.000,21.9937
2021-10-29T09:36:09.000,21.9690
2021-10-29T09:46:09.000,21.9649
2021-10-29T09:56:09.000,21.9800
2021-10-29T10:06:09.000,22.0006
2021-10-29T10:16:09.000,22.0240
2021-10-29T10:26:09.000,22.0542
2021-10-29T10:36:09.000,22.0968
2021-10-29T10:46:09.000,22.1380
2021-10-29T10:56:09.000,22.2727
2021-10-29T11:06:09.000,22.3785
2021-10-29T11:16:09.000,22.4060
2021-10-29T11:26:09.000,22.4542
2021-10-29T11:36:09.000,22.4707
2021-10-29T11:46:09.000,22.4885
2021-10-29T11:56:09.000,22.5257
2021-10-29T12:06:09.000,22.5876
2021-10-29T12:16:09.000,22.6509
2021-10-29T12:26:09.000,22.7197
2021-10-29T12:36:09.000,22.7927
2021-10-29T12:46:09.000,22.8712
2021-10-29T12:56:09.000,22.9373
2021-10-29T13:06:09.000,23.0062
2021-10-29T13:16:09.000,23.0669
2021-10-29T13:26:09.000,23.1275
2021-10-29T13:36:09.000,23.1841
2021-10-29T13:46:09.000,23.2420
2021-10-29T13:56:09.000,23.3069
2021-10-29T14:06:09.000,23.3648
2021-10-29T14:16:09.000,23.4270
2021-10-29T14:26:09.000,23.4891
2021-10-29T14:36:09.000,23.7765
2021-10-29T14:46:09.000,25.5885
2021-10-29T14:56:09.000,26.9513
2021-10-29T15:06:09.000,26.6962
2021-10-29T15:16:09.000,25.6220
2021-10-29T15:26:09.000,25.2452
2021-10-29T15:36:09.000,25.0474
2021-10-29T15:46:09.000,25.0307
2021-10-29T15:56:09.000,25.3247
2021-10-29T16:06:09.000,26.5851
